,0
0,전
1,세계
2,게
3,외교부
4,화보
5,모델
6,펭수
7,펭수
8,팬
9,최강
10,컬래버레이션
11,신상
12,뮤비
13,린지
14,세상
15,펭귄
16,수험생
17,지금
18,당장
19,이
20,영상
21,정승
22,쌤
23,남극
24,유치원
25,동창회
26,시작
27,둘리
28,선배
29,등장
30,윤도현
31,선배
32,본부
33,만남
34,우리
35,호흡
36,난리
37,남
38,펭수
39,매니저
40,사관학교
41,매니저
42,스
43,펭
44,인간
45,펭귄
46,첫
47,데이트
48,펭수
49,실버
50,버튼
51,날개
52,언박싱
53,처음
54,나
55,펭수
56,학교
57,잠입
58,공
59,행운
60,펭수
61,카드
62,탄생
63,비화
64,개
65,펭수
66,퇴사
67,정복기
68,이제야
69,공개
70,추억
71,라이브
72,진행
73,펭
74,펭수
75,관심사
76,대결
77,정복기
78,친구
79,간다
80,펭수
81,비밀
82,펭귄
83,극장
84,스타
85,외로워
86,한류
87,펭귄
88,펭수
89,해외진출
90,프랑스
91,편
92,추억
93,독자
94,축하
95,라이브
96,트렌치코트
97,언박싱
98,단독
99,펭귄
100,의혹
101,전격
102,해부
103,독점
104,인터뷰
105,김민교
106,양치
107,승
108,펭수
109,진짜
110,나이
111,살
112,펭귄
113,극장
114,내
115,나이
116,자이언트
117,펭
118,방송
119,시간
120,변경
121,안내
122,펭
123,야유회
124,지옥
125,신상
126,타이틀곡
127,뮤직비디오
128,린지
129,교감
130,선생님
131,풀
132,펭수
133,갑자기
134,뱀
135,우리
136,펭수
137,눈물
138,펭귄
139,극장
140,펭귄
141,눈물
142,펭슈스
143,엄선
144,수학여행
145,옷
146,추천
147,펭수
148,소방관
149,펭수
150,무대
151,준비
152,연습생
153,옥상
154,뚝딱
155,선배
156,역대
157,깜짝
158,손님
159,펭수쇼
160,부
161,펭수
162,찰떡
163,장르
164,최초
165,공개
166,펭수쇼
167,부
168,당신
169,펭수
170,선택
171,직캠
172,힙합
173,펭수
174,기리보이
175,눈
176,매니저
177,투표
178,마감
179,선공
180,직캠
181,발라드
182,펭수
183,뚝딱
184,아이유
185,임슬옹
186,잔소리
187,투표
188,마감
189,선공
190,최초
191,연습생
192,펭수
193,오디션
194,합격
195,최초
196,공개
197,직캠
198,트로트
199,펭수
200,설운도
201,삼바
202,여인
203,투표
204,마감
205,선공
206,직캠
207,락
208,펭수
209,투표
210,마감
211,선공
212,연습생
213,펭수
214,남극
215,참치
216,정곡
217,요새
218,핫
219,그
220,참치
221,송
222,난
223,서울대
224,안
225,어른
226,반박
227,명절
228,잔소리
229,반대
230,시위
231,펭수
232,떡집
233,체험
234,나
235,소개
236,로비
237,컷팅식
238,펭수
239,독자
240,의리
241,테스트
242,매니저
243,흥
244,선배
245,뜬금
246,스피드
247,게임
248,펭수
249,복지
250,전격
251,공개
252,힐링
253,선물
254,종
255,세트
256,뜻
257,힐링
258,세상
259,담양
260,특산
261,물
262,담양
263,빗
264,재벌
265,펭귄
266,도서관
267,책
268,몽땅
269,일시
270,불로
271,본격
272,남
273,북
274,대결
275,너
276,북극곰
277,펭귄
278,누가
279,알
280,펭수
281,겨울왕국
282,커버
283,여름
284,펭귄
285,풀이
286,박
287,싱하
288,펭귄
289,처음
290,걸
291,감동
292,선물
293,언박싱
294,현장
295,경축
296,세계
297,최초
298,펭귄
299,팬싸
300,교보
301,꽉
302,광복절
303,의
304,펭귄
305,인간
306,역사
307,펭수
308,타
309,강사
310,낚시
311,편
312,펭수
313,매니저
314,비하인드
315,스토리
316,세상
317,공룡
318,우리
319,집
320,공룡
321,안물
322,겁
323,펭수
324,낚시
325,브이
326,로그
327,수능
328,살이
329,수능
330,문제
331,펭수
332,수능
333,모의고사
334,도전
335,펭수
336,분노
337,병뚜껑
338,린지
339,사연
340,슈퍼
341,콘
342,니
343,왜
344,내
345,머리
346,감겨
347,미용실
348,거대
349,펭귄
350,몰래카메라
351,자이언트
352,펭
353,납량
354,특집
355,펭귄
356,귀신
357,이야기
358,봄
359,지하
360,말
361,이유
362,펭수
363,자이언트
364,펭
365,자꾸
366,펭수
367,아이컨택
368,영상
369,피지
370,컬
371,갤러리
372,펭수
373,빡빡이
374,아저씨
375,키
376,운동
377,거
378,정말
379,피지
380,컬
381,갤러리
382,펭수
383,빡빡이
384,아저씨
385,특제
386,방학
387,용
388,헬린
389,운동
390,루틴
391,공개
392,피지
393,컬
394,갤러리
395,펭수
396,본격
397,헬린
398,양성
399,교육
400,방송
401,빡빡이
402,아저씨
403,거
404,누가
405,이말년
406,펭수
407,굿
408,만들기
409,펭수
410,토이스토리
411,이
412,세상
413,퀄
414,이말년
415,펭수
416,세상
417,굿
418,홈쇼핑
419,자꾸
420,교육방송
421,선
422,이말년
423,침착
424,맨
425,과
426,펭수
427,연습생
428,의
429,짤방
430,폭격
431,프로
432,듀스
433,펭수
434,당신
435,펭귄
436,투표
437,자기
438,소개
439,펭수
440,손흥민
441,슈퍼
442,콘
443,댄스
444,싱크로
445,도전
446,연기
447,마피아게임
448,더
449,펭수
450,고양예고
451,연기
452,마피아게임
453,인
454,게임
455,대회
456,계속
457,일등
458,미디어
459,중학생
460,인
461,전지영
462,김다윤
463,산초
464,펭수
465,근원
466,인
467,게임
468,대회
469,펭수
470,게임
471,펭수쇼
472,고양예고
473,선배
474,직접
475,예고
476,라이프
477,모든
478,것
479,예술
480,학생
481,아크로바틱
482,발레
483,고양예고
484,예술
485,천재
486,펭수
487,고양예고
488,테스트
489,도전
490,음악
491,미술
492,뿌셔
493,진짜
494,성우
495,복만
496,마법소녀물
497,더빙
498,대결
499,플라워
500,링
501,하트
502,펭수
503,복만
504,피
505,땀
506,눈물
507,성우
508,수업
509,현장
510,엽떡
511,닭발
512,연애
513,친구
514,관계
515,펭수
516,세상
517,고민
518,부숴
519,펭수
520,죽
521,고민
522,담소
523,논란
524,종결
525,매니저
526,과연
527,머
528,머리
529,것
530,이말년
531,핸드
532,메이드
533,펭수
534,굿
535,판매
536,라이브
537,침착
538,맨
539,펭
540,그녀
541,펭수
542,걸그룹
543,도전
544,기
545,펭수
546,걸그룹
547,데뷔
548,실제
549,오디션
550,현장
551,공개
552,것
553,바로
554,아이돌
555,연습생
556,실체
557,유명
558,기획사
559,연습생
560,은밀
561,이야기
562,찍
563,때
564,왜
565,눈
566,졸업사진
567,공감
568,유형
569,김다윤
570,슨배림
571,삭발
572,국토
573,대장정
574,독자
575,만
576,명
577,내기
578,카운트다운
579,펭수
580,어벤져스
581,무기
582,종
583,세트
584,단돈
585,천원
586,다이소
587,세계
588,최초
589,펭귄
590,펭수
591,만
592,명
593,돌파
594,기념
595,펭수
596,은밀
597,털
598,소리
599,공개
600,펭수
601,위해
602,히어로즈
603,자이언트
604,펭
605,티저
606,슈스
607,펭수
608,광고
609,데뷔
610,자이언트
611,펭
612,티저
613,펭수
614,눈물
615,첫
616,라이브
617,방송
618,편집
619,버전
620,갑
621,분
622,연
623,연
624,연예인
625,펭수
626,힐링
627,한강
628,휴가
629,펭수
630,댓글
631,두
632,이야기
633,근원
634,펭수
635,한강
636,수영
637,라이브
638,살
639,펭수
640,남극
641,펭수
642,해외
643,진출
644,준비
645,펭수
646,귀염
647,외국어
648,송
649,이벤트
650,보기
651,배꼽
652,잡고
653,선물
654,민속촌
655,숨
656,백법
657,펭수
658,사람
659,소름
660,주의
661,초딩
662,민속촌
663,펭수
664,멘붕
665,온
666,오늘
667,펭수
668,매니저
669,일
670,시
671,요
672,펭수
673,매니저
674,뜻밖
675,팬미팅
676,금손
677,성덕
678,파티
679,제
680,펭수
681,표현
682,대회
683,홍대
684,댄스배틀
685,펭귄
686,펭수
687,스트릿
688,댄서
689,쿠마
690,연습생
691,라면
692,버스킹
693,거대
694,펭귄
695,홍대
696,습격
697,사건
698,지하
699,소품
700,실
701,펭귄
702,산다
703,펭수
704,은밀
705,사생활
706,공
707,개
708,펭수
709,오열
710,파티
711,펭수
712,뽀로로
713,최종
714,뽀로로
715,펭귄
716,펭귄
717,전문가
718,등장
719,오랬더
720,진짜
721,펭수
722,뽀로로
723,배틀
724,스타트
725,우주
726,전쟁
727,서막
728,펭수
729,중대
730,발표
731,초
732,특급
733,게스트
734,펭수
735,독자
736,돌파
737,기념
738,댓글
739,시민
740,벚꽃놀이
741,인생
742,샷
743,방출
744,자이언트
745,펭
746,벚꽃
747,초면
748,관종
749,펭귄
750,인생
751,샷
752,펭수
753,남매
754,두
755,피
756,눈물
757,펭수
758,에이미
759,리다
760,공개
761,비책
762,펭수
763,남매
764,첫
765,크리에이터
766,대결
767,거대
768,펭귄
769,눈물
770,샌드위치
771,먹방
772,펭수
773,남매
774,어디
775,선
776,구독
777,자의
778,냄새
779,펭수
780,두
781,스승
782,남매
783,전지영
784,스승
785,펭수
786,인
787,더
788,특단
789,조치
790,관종
791,펭귄
792,스타
793,전지영
794,매니저
795,직캠
796,거대
797,펭귄
798,소름
799,요들송
800,라이브
801,전학생
802,교장
803,선생님
804,펭수
805,교장
806,실
807,급습
808,관종
809,펭귄
810,초등학교
811,습격
812,펭수
813,학교
814,관종
815,펭귄
816,펭수
817,데뷔
818,자이언트
819,펭
820,연습생
821,펭귄
822,방송국
823,점거
824,자이언트
825,펭
826,펭
827,연습생
828,펭수
829,유튜브
830,데뷔
831,머랭
832,쿠키
833,먹방
834,역대
835,카
836,오스
837,카메라
838,차단
839,강제
840,탐사보도
841,타이어
842,매장
843,알바
844,리뷰
845,민속촌
846,패밀리
847,워크맨
848,키즈
849,카페
850,그냥
851,커피
852,라면
853,어린이집
854,동심
855,눈물
856,폭발
857,체력
858,멘탈
859,폭발
860,오디오
861,감독
862,고막
863,폭발
864,어린이집
865,교사
866,리뷰
867,워크맨
868,하루
869,람보르기니
870,외제차
871,한류
872,스타
873,더블
874,영접
875,청담동
876,주유소
877,알바
878,리뷰
879,워크맨
880,길
881,치가
882,배달
883,알바
884,일
885,비
886,경로
887,이탈
888,시간
889,초과
890,치킨
891,간
892,체적
893,난국
894,배달
895,알바
896,리뷰
897,워크맨
898,영상
899,냄새
900,남
901,워크맨
902,최초
903,시급
904,업무
905,사장
906,낭만
907,뿜뿜
908,놀멍쉬멍
909,제주도
910,게스트하우스
911,스탭
912,리뷰
913,워크맨
914,잠시
915,포상
916,휴가
917,줄
918,알
919,세상
920,서비스
921,온
922,급
923,호텔리어
924,리뷰
925,워크맨
926,이정재
927,정웅인
928,대한민국
929,명
930,배우
931,집합
932,드라마
933,장성규
934,보조
935,출연
936,알바
937,리뷰
938,워크맨
939,궁서체
940,것
941,위해
942,이번
943,워크맨
944,사람인
945,혈압
946,주의
947,옷가게
948,알바
949,최악
950,변태
951,진상
952,손놈
953,만난
954,상상
955,초월
956,의류
957,매장
958,알바
959,리뷰
960,워크맨
961,돌파
962,축하
963,게
964,드립
965,생선
966,드립
967,봄
968,해산물
969,제철
970,기념
971,날로
972,수산시장
973,알바
974,리뷰
975,워크맨
976,민속촌
977,아마존
978,구역
979,안
980,세상
981,드립
982,폭발
983,민속촌
984,알바
985,리뷰
986,워크맨
987,안전
988,제일
989,것
990,제일
991,장성규
992,고생
993,길
994,일
995,줌
996,쌀
997,아파트
998,건설
999,현장
1000,일용직
1001,리뷰
1002,워크맨
1003,퇴근
1004,후
1005,라이브
1006,웃음
1007,기
1008,싹
1009,장성규
1010,의외
1011,노래실력
1012,소주
1013,한잔
1014,말리
1015,꽃
1016,창
1017,역대
1018,정신
1019,류
1020,난이도
1021,환
1022,술집
1023,알바
1024,리뷰
1025,워크맨
1026,기어
1027,코
1028,선
1029,장성규
1030,아이돌
1031,데뷔
1032,각
1033,덕후
1034,성지
1035,음악
1036,방송
1037,연출
1038,리뷰
1039,규현
1040,소유
1041,워크맨
1042,독자
1043,특집
1044,에버랜드
1045,역대
1046,초과근무
1047,파업
1048,선언
1049,릴레이
1050,골드
1051,버튼
1052,언박싱
1053,워크맨
1054,장성규
1055,카트라이더
1056,무지개
1057,장갑
1058,돈
1059,끝판
1060,게임
1061,회사
1062,리뷰
1063,워크맨
1064,독자
1065,요청
1066,폭주
1067,편
1068,돌이
1069,먹방
1070,남아
1071,국민
1072,알바
1073,편의점
1074,알바
1075,리뷰
1076,워크맨
1077,기내
1078,류
1079,반입
1080,금지
1081,약
1082,장성규
1083,꿈
1084,직장
1085,상큼
1086,항공사
1087,직업
1088,리뷰
1089,워크맨
1090,독자
1091,기념
1092,역대
1093,레전드
1094,인
1095,최종
1096,보스
1097,몹
1098,에버랜드
1099,알바
1100,리뷰
1101,편
1102,아마존
1103,익스
1104,프레
1105,스
1106,워크맨
1107,사장
1108,피자
1109,토핑
1110,꿀
1111,조합
1112,루팡
1113,클라스
1114,다른
1115,천조국
1116,피자
1117,집
1118,알바
1119,리뷰
1120,워크맨
1121,로
1122,도비
1123,장성규
1124,오디오
1125,틈
1126,도
1127,녹즙
1128,배달
1129,인생
1130,알바
1131,리뷰
1132,워크맨
1133,최초
1134,공개
1135,이제
1136,말
1137,수
1138,워크맨
1139,채널
1140,충격
1141,비화
1142,공개
1143,팬
1144,임
1145,결과
1146,공개
1147,워크맨
1148,장성규
1149,감당
1150,불가
1151,텐션
1152,본격
1153,취중
1154,만담
1155,엉망
1156,진창
1157,잔치
1158,맥주
1159,판촉
1160,알바
1161,리뷰
1162,워크맨
1163,역대
1164,족
1165,분위기
1166,머리카락
1167,대신
1168,목
1169,미용실
1170,알바
1171,리뷰
1172,워크맨
1173,속보
1174,워크맨
1175,채널
1176,독립
1177,자마자
1178,파업
1179,선언
1180,독립
1181,채널
1182,직원
1183,꿀
1184,복지
1185,소개팅
1186,트렌드
1187,분석
1188,벽
1189,환
1190,소개팅
1191,어플
1192,회사
1193,현실
1194,리뷰
1195,애프터
1196,각
1197,꿀팁
1198,워크맨
1199,독립
1200,채널
1201,스포
1202,어벤져스
1203,스포
1204,차단
1205,꿀팁
1206,영화관
1207,알바
1208,만렙
1209,말
1210,알바
1211,리뷰
1212,메가박스
1213,비교
1214,워크맨
1215,독립
1216,채널
1217,홍대
1218,제
1219,의
1220,백종원
1221,양성
1222,학교
1223,요리
1224,스킬
1225,만렙
1226,찍
1227,수
1228,방
1229,알바
1230,리뷰
1231,카
1232,구리
1233,워크맨
1234,독립
1235,채널
1236,야구
1237,덕후
1238,주목
1239,덕질
1240,돈
1241,버
1242,덕업
1243,일치
1244,끝판
1245,알바
1246,와이번스
1247,워크맨
1248,독립
1249,채널
1250,충격
1251,반도
1252,안
1253,시급
1254,알바
1255,공짜
1256,치킨
1257,보너스
1258,개이득
1259,맥주
1260,보이
1261,알바
1262,리뷰
1263,워크맨
1264,독립
1265,채널
1266,댓글
1267,청정
1268,주의
1269,몸
1270,마음
1271,퓨어
1272,해짐
1273,역대
1274,극한
1275,알바
1276,키즈
1277,카페
1278,리뷰
1279,워크맨
1280,독립
1281,채널
1282,사장
1283,극한
1284,고깃집
1285,알바
1286,솔직
1287,리뷰
1288,고기
1289,구우
1290,팁
1291,워크맨
1292,독립
1293,채널
1294,워크맨
1295,사상
1296,의외
1297,시급
1298,등장
1299,방학
1300,단기
1301,알바
1302,끝판
1303,전단지
1304,알바
1305,리뷰
1306,워크맨
1307,채널
1308,분리
1309,예고
1310,워크맨
1311,독립
1312,채널
1313,꿀
1314,알바인
1315,줄
1316,알
1317,골로
1318,사연
1319,여름철
1320,극한
1321,직업
1322,죽음
1323,워터파크
1324,알바
1325,리뷰
1326,워크맨
