,ID,Comment,Like,Title_number
0, 워크맨-Workman              ,"JOB것들아~~~♥ 인력소장이다,,,,~~~😎😎😎이번에는,,,특이한,,,~ 알바 시켜봤는디~~~ㅎ,,이색알바 추천쫌~~~~해줘봐~~!!",7400,0
1, 잡코리아USA - 알면 쉬운 미국 취업 TV              ,민속촌 갑분툭  일하는거 겁나 웃기네 ㅋㅋㅋㅋㅋ 끝난거지 는 또 뭐야 ㅋㅋㅋㅋㅋㅋㅋ 자막 진짜 미쳣네요 ㅋㅋ,3800,0
2, 김성희              ,ㅋㅋㅌㅋㅋㅋㅋㅋㅋㅋ아니 민속촌 알바하시는 분들은 왜 친절하게 도와주시는 건데ㅋㅋㅌㅋㅋㅋㅋㅋㅋㅋㅋ,2400,0
3, 인서              ,아 저분이 저번에 신서유기에서 피카추 탱그탑 입으셨던 분이신가?ㅋㅋㅋㅋㅋㅋㅋㅋㅋㅋㅋㅋㅋㅋㅋㅋㅋㅋㅋㅋㅋㅋㅋ아 되게 기억에 남았었는데,1300,0
4, 탱귤 탱귤              ,구독자가 왜 장성규를 모르는거얔ㅋㅋㅋㅋㅋㅋㅋㅋㅋㅋㅋㅋㅋㅋㅋㅋㅋㅋㅋㅋㅋㅋㅋㅋㅋㅋㅋㅋㅋㅋㅋㅋㅋㅋㅋㅋㅋㅋㅋㅋㅋㅋㅋㅋㅋㅋㅋㅋㅋㅋㅋㅋ,817,0
5, 밍밍이들- 동네핫플이 궁금해?              ,ㅋㅋㅋㅋㅋㅋㅋㅋㅋ갑자기 민속촌 나타나는 것도 어이 없는데ㅋㅋㅋ보자마자 일시키네ㅋㅋㅋㅋㅋ,3200,0
6, W H              ,장성규가 장성규라고 하는게 그 정도로 못 믿을 일이냨ㅋㅋㅋㄱㅋ,722,0
7, 유사인간              ,뜬듬없이 민속촌 꼴라보 ㅋㅋㅋㅋㅋㅋㅋㅋㅋㅋ 화공이 너무 조아 ㅠㅠㅠㅠㅠ,357,0
8, 개시바하면짖는시바개              ,워크맨 편집이 진짜 재밌는건상황에 맞는 짤과 자막 그리고뀨가 쫌만 개소리 나가면 컷하는 센스 ㅋㅋ,281,0
9, 주네JUNE              ,아진짴ㅋㅋㅋㅋㅋㅋㅋㅋㅋㅋ 갈수록 자막도 고퀄이 되어가는 것 같아요 너무 웃겨 ㅠㅠㅠ ㅋㅋㅋㅋㅋㅋㅋㅋ,300,0
10, 한국민속촌 춘삼이는 꽃거지              ,편집되서 그러지 우리가 타이어 진짜 많이 날랏는데ㅜㅠㅜㅠㅠ 나간건 내가 밥주워먹는거뿐 ㅜㅠㅜㅠ 엉엉 ㅜㅠㅠㅠ유튜브채널 우라늄도 많이 사랑해줘요 제발!!!,3800,0
11, 심수연              ,4:54 OK~,576,0
12, PARK KYUNGTAE              ,민속촌 분들 왜이렇게 반갑냐 진짜 ㅠㅠ ㅋㅋㅋㅋㅋㅋㅋㅋㅋ,513,0
13, ㅈH현              ,뜻밖의 민속촌ㅋㅋㅋㅋㅋㅋㅋㅋㅋㅋㅋㅋㅋㅋㅋㅋㅋㅋㅋㅋㅋㅋㅋㅋㅋㅋㅋㅋㅋㅋㅋㅋㅋㅋㅋㅋㅋㅋㅋㅋㅋㅋㅋㅋㅋ,446,0
14, gygygy hong              ,콜센터 알바스키장 알바공장 생산직 알바쿠팡 물류센터 알바연말정산 입력 알바방청객 알바서빙 알바마트 알바셀프세차 알바인천공항 알바웨딩홀 알바인테리어 알바많아요 ㅋㅋㅋㅋㅋ,32,0
15, 생갈치1호의행방불명              ,아임 ‘타이어’드ㅋㅋㅋㅋㅋㅋㅋㅋ이런 깨알드립 너무젛아,281,0
16, 윤아나 월드 Yoonana World              ,워크맨 촬영중이라니까 “아닌거 같은데” ㅋㅋㅋㅋㅋㅋㅋㅋㅋㅋㅋㅋㅋㅋㅋㅋㅋㅋㅋㅋ,6,0
17, 이한              ,2:25 ㅋㅋㅋㅋㅋㅋㅋㅋㅋㅋㅋㅋㅋㅋㅋㅋㅋㅋㅋㅋㅋㅋㅋㅋㅋㅋㅋㅋㅋㅋㅋㅋㅋㅋㅋㅋ 편집자분도 연말시상식 같은대서 상 하나 드려야되 진짜,138,0
18, 허지은              ,민속촌거지 ㅋㅋㅋㅋㅋㅋㅋㅋㅋㅋㅋ아 왜 밖에나와서도 거지인데 ㅌㅋㅋㅋㅋㅋㅋㅋㅋㅌㅌㅌㅋ,34,0
19, Yujin Lee              ,민속촌 일 시키는거 겁나 웃ㄱ넼ㅋㅋㅋㅋㅋㅌㅌㅌㅌㅌㅌㅌㅌㅌㅌㅋㅋㅋㅋㅋㅋㅋㅋㅋㅋ( 뭐야 자고 일어났는데 언제 2100개 된거야 감사합니다람쥐 :),2200,0
0, 워크맨-Workman              ,"02:47 JOB것들~~♥ 영원하자아,,~~!!!!😎",10000,0
1, 목베개              ,조금 보고 헤어진다고 우는애들을 보니 애들은 참 순수하구나 라는 생각이든닼ㅋㅋㅋ,2000,0
2, 마이쮸              ,"밥 저정도면 잘 드시는거에여,,,리필은 물론 갑자기 응가하는 아이들이 많아서 밥을 먹는건지 응가를 닦는시간인지 ㅠㅠㅠ 그래도 이쁜이들 웃는모습보며 일합니다~ 뉴스에 나오는 나쁜 ㄴㅑㄴ들 보고 편견갖지 말아쥬세요 ㅠㅠ 진짜로 사랑해서 돌보는 선생님들이 더 많아염💕💕",924,0
3, 김지지              ,선생님들 미치지 않게 근로 조건을 좋게 해줘야 한다.,1300,0
4, 비옹비옹.              ,어린이집 유치원 선생님들 전부 대단함 애들이 귀여운건 있지만 부모님들 애들 맡겨놓고 사사건건 잔소리도 엄청 많을텐데 ... 싫은소리 듣기 싫으면 그전에 애들 교육부터 잘시켜 보내면 좋을텐데 하나도 안시켜보내고 버릇없이 키워놓고는 애뭐 안된다 못한다 소리하면 승질부터 내는 전두엽 활성자들 진짜 많더만,377,0
5, 사나래              ,저런데 안다치고 즐겁게 생활하다 가게끔 해주는거 진짜 대단한건데 학부모들은 본인아이 한명 케어하는거도 힘들어하면서 유독 교사에게만 교육과 보육을 넘은 완벽을 요구함,518,0
6, 윤블리Yoonvely              ,"저렇게 등원부터 하원까지 놀아주는것도 힘들겠지만 원장님 뒤에 있는 서류들을 아이들 하원 후, 영아반은 낮잠시간/ 담임교사은 연장교사있을 때 등등 짬내서 해야합니다.. 서류는 기본 생활기록부같은 개인 서류부터 주마다 관찰일지, 매일 쓰는 일지, 주간 계획안, 월간계획안, 각 안전교육(소방,재난,유괴,교통 등) 계획과 일지, 교사회의록, 교구관리/비품관리대장 이보다 훨씬 많은 서류들을 되도 않는 짧은 시간에 해야하고 행사도 원마다 원장님마다 다르지만 다달이 하나씩 준비하면 엄청 많죠^^ 학기별로 부모상담도 해야하고 성장보고서도 학기별로.. 매달 교구제출 원하시는 원장님도 있으시고..그냥 야근의 연속.. 제발 불필요한 서류 업무를 간소화 해주세요..인원을 늘려야합니다 증말루.. 아직도 여전히 아이들이 그립고 교사라는 직업이 좋지만 야근 생각하면 다시 가고 싶진 않아요 ..ㅠㅠ 특히 영아반 2년 후에는 손목 발목 허리 다 염증에..ㅎㅎ 방광염 이야 선생님들 달고 사는거고 밥은 3분 만에 먹는게 습관이 들어서 외식을 해도 정말 급하게 먹어요. 어린 나이에 몸을 갈아가며 일하다간 나중에 내 아이 못안아줄수도 있어요..(+) 추가 : 그리고 평가인증이라는건 정말 누구를 위한건지 모르겠어요. 그거때문에 3개월의 일지와 서류들을 몰아서 다시쓰고.. 관찰자가 들어와서 해야하는 필수 발문들과 상호작용들.. 선생님들이 몰라서 안하시는거 아니구.. 평가인증 A를 받는 다고 매일 그 상호작용만 하시는 선생님들이 있는게 아닌데 말이죠.. 또 교사 휴게시간..지켜지는 원 있으신가요? 낮잠시간에 교사가 한시간 휴게시간을 가져버리면 퇴근이 한시간 늘어나는건데 .. 강요한다고 쉴 수 있는게 아닌데ㅠㅠ 쉴 여건을 만들어야해용..! 그리고 학부모님들이 계시다면 교사는 사진찍는 기계가 아닙니다..★ 물론 아이들이 잘 지내고 있는지 궁금하실 수 있어요. 제가 있었던 원은 일주일에 하루 다섯장이였지만.. 어떤 원은 키즈노트나 매일매일 개별사진 몇장씩 이라고 들었어요. 그런곳은 하루종일 선생님들이 사진만 찍으십니다. 설정샷 시키구요. 그럼 보육의 질은 더욱 떨어집니다. 사진이 다가 아니에요! 부모님들! 제발! ㅠㅠ제가 길게 댓글을 쓴 이유는 뭐 찡찡거린다고 불편하실 수도 있는데 보육교사 현실이 이렇다는거 .. 그냥 글로 적는거죠.. 그리고 주변에 친구가 보육교사라고 장난으로도 ""애 패지 마라"" 이딴소리 하지마세용 증말 사기 다떨어집ㄴㅣ다.. ㅠㅠ..",2500,0
7, 일일일오              ,시끄러운거 질색하는사람이 보기엔 여태알바한서중에 제일 힘들어보임 아이를 사랑하고 지켜주는맘이 가득해야 할수있을듯,894,0
8, 펭수의참치              ,애들은 아무리 날 힘들게 해도 애들이죠 내가 일년동안 가르치고 키울 애들이요 어린이집 그만두는 교사 열에 아홉은 개진상 학부모때문이에요 ㅋㅋ,582,0
9, 주언이              ,"부모는 사실 원장이 커버 쳐야됨. 이걸 분리 안하면 , 교사가 아이들에게 선입견을 가짐. 교사는 2인 1조로 하고 쉬는시간과 업무내용을 표준화해야함.",652,0
10, 셍마니              ,혀엉 제발 아파트 단지 경비아저씨 리뷰 좀 해줘어어,367,0
11, 삼겹살              ,유치원 어린이집 선생님들이 가장 힘들어하는건아이들의 부모님입니다누구에게나 소중한 자식인데본인 아이만 생각하시니,8000,0
12, reereere le              ,this is what my sister doesnow she takes care of babiesi have no patience for kids 😭😭,15,0
13, Jean Liu              ,"…From Jang teacher’s ins, I am curious to see Jang teacher to be one day Seventeen’s manager (That must be so funny. )",3,0
14, 1 7              ,진심 저기서 나온건 새발의 피임.. 완전 편하게 놀다 가신거..,260,0
15, Amber Rodriguez              ,He was there for 6 hours and these kids are crying over him 😂😂😂 he must’ve really bonded with the kids,147,0
16, I can't              ,주변에 유치원선생님하는 친구들 꽤 있는데 하나같이 하는말이 아기들 돌보는거 까진 괜찮은데 학부모 상대하는게 너무 힘들다고 하드라고요... 유별난 분이많다고..,4000,0
17, 간때문희야              ,00:00 뭐야 왜 잘생긴거야 장성규 잘생겼어 ...,37,0
18, 아연              ,꿈이 이쪽이라 어린이집 봉사도 몇번이나 가보고 어린이도서관에서 매주 프로그램 열어서 봉사하는데 아이 좋아해도 애들 보는 건 진짜 힘듬ㅠㅋㅋㅋㅋㅌ,205,0
19, Perriwinkle III              ,"I don't even understand the damn language and he's one of the funnier YouTubers I watch. And even with as little context as the subtitles give, I worked in daycare. I know the grind",2,0
0, 워크맨-Workman              ,"엑소 매.니.저~~님~~~ 울 피디냥반,,,,카톡좀,,,읽어줘어,,,~~!!!!",38000,0
1, 이지은              ,엑소 매니저 편 보고싶은사람👇🏻,14000,0
2, Luxxii _              ,No make-up SUHO no care like he doesn't need makeup at all😚😘👼,48,0
3, Calliope Delmonte              ,I'm excited for him being EXO manager.. hope they broad cast it soon.,39,0
4, Lhea Jane Socrates              ,"That ""SEVENTEEN is SM"" killed me 🤣🤣🤣🤣🙈🙈🙈🙈🙈🙈🤦🤦🤦🤦🤦🤦🤦😂😂😂😂😂😂",15,0
5, SaranghaeOppaaaaa              ,EXO-L's If you're here because of Suho. Here it is 2:48 Thank me later. 😂,247,0
6, 태은              ,여러분..... 드디어 워크맨 엑소 매니저편 성사됐다고 합니다... 공식기사 뜸 흑흑 사랑해요 워크맨,910,0
7, ᄋtwicexopink              ,I came to watch Suho in this episode but I’m starting to really like his videos,210,0
8, ᄎᄋᄉ              ,엑소 매니저편 올라오면 조회수 박터지겠네 피디 웃는 소리 여기까지들림ㅋㅋㅋㅋㅋ ㄹㅇ 우연으로 행운을 잡았네,994,0
9, Leigh C              ,Lmao at the translation “We been knew”,23,0
10, 냠얌              ,와 아니 근데 어떻게 주유소알바하다가 엑소를 만나지?ㅋㅋㅋㅋㅋㅋㅋㅋㅋ타이밍 진짜 신기하네ㅋㅋㅋㅋㅋㅋㅋㅋㅋㅋ,8300,0
11, GAGA              ,아니 기획사 직원들 맞냐곸ㅋㅋㅋㅋㅋㅋㅋㅋㅋㅋㅋ소속방송인들 아니고???ㅋㅋㅋㅋㅋㅋㅋㅋㅋㅋㅋㅋㅋㅋㅋㅋㅋㅋㅋㅋㅋ진짜 티키타캌ㅋㅋㅋㅋㅋ,3,0
12, renamyeon              ,"that ""Seventeen is from SM?""HAAHHAHAHAHA",0,0
13, Kendrick Tan              ,"PD went ""ooooOOOOOH CONTENT"" when he saw EXO.",89,0
14, For EXO              ,Me here while waiting for episode with EXO,6,0
15, exo엑소 사랑하자              ,Suho❤❤❤,2000,0
16, Tae Tae              ,Bruh they be having nice cars at this gas station lmao,5,0
17, 에리              ,쩌기 워크맨 편집자님.. 바쁘실텐데 엑소 매니저편은 무편집 해주셔도 됩니다 무편집 해도 천만뷰 쌉가능이닛가요 제발ㅠㅜㅠㅜㅜ😭,440,0
18, suho kim              ,"Let sung kyu hyung, be EXOs manager for 1 hour 😂",27,0
19, Amani              ,Can’t wait for exo episode 😭❤️❤️❤️,5,0
0, 워크맨-Workman              ,안녕하세요 워크맨 제작진입니다. 예상치 못한 이슈로 의도치 않게 피해보는 상황이 생겨 해당부분을 삭제하고 재업로드하기로 결정했습니다. 구독자분들께 혼란을 드려 진심으로 죄송합니다.이번 일을 계기로 어깨가 더욱 무거워졌습니다. 그만큼 유익한 정보와 더 큰 즐거움으로 보답하겠습니다.- 워크맨 제작진 일동 -,8300,0
1, sungwoon kim              ,난 워크맨을 보면서 일종의 논란거리가 있는 부분이 좋음. 아르바이트생이나 해당직종에서 일하는 사람들이 느끼는 불합리함을 교묘하게 녹여내는거 같음. 워크맨은 단지 재미가 아니라 우리가 아르바이트를 하면서 을의 입장으로 차마 표현하지 못했던 응어리를 대신 표출해주기 때문에 인기가 있다고 생각함..,8900,0
2, 배달대행              ,현직 배달대행입니다. 아기가 자고있으니 초인종을 누르지마세요라고 쓰지말고 좀 문앞에 놓고 문자달라고해주세요 제발......노크하고 전화하고 옘뱅떠는거 지겹습니다.....노크소리못들으면 전화해야되는데 전화도안받어 아오!!!! 노크소리 안들릴가봐 세개하면 또 시끄럽다고 리뷰에 옘뱅함.....아 어쩌라고.....,848,0
3, 이동희              ,워크맨하면서 언젠가 한 번 쯤은 반드시 터질 문제였다. 사회에 부조리가 정말 많은데 워크맨 촬영이라 그 동안 재미있게 비춰지던 것들도 많았다. 그렇지만 아무리 숨기려해도 숨길 수 없는 것들이 있기 마련이다. 워크맨은 다만 곪아터져 있는 환부를 슥 비추기만 했고 사람들은 환부를 캐치했다.  워크맨은 앞으로도 이런 것들을 양지로 끌어내는 역할을 해야한다.,608,0
4, 김준영              ,집값이 떨어지는게 무슨 워크맨 때문이여 아파트갑질때문이지 ㅁㅊ수준 참,963,0
5, Lama Daowd              ,"To the people of Korea: Please when ordering something ,offer the delivery guy a glass of water they must be really exhausted 🙏",4,0
6, 정은서              ,"워크맨측이 자신들의 영향력을 잘알기에 해당 부분을 편집했지만 워크맨은 잘못한거 없음. 주작한것도 아니고 리얼리티를 위해 사실을 담아냈을뿐. 쓰레기를 찍으면 쓰레기가 찍히는 거지. 그냥 우리 사회의 일면을 보여주는 영상이었다고 생각함. 배달원 전용 엘리베이터 탈 수 있어요 어쩌구 이러길래 아...장성규가 배달알바는 처음하니까 잘몰랐구나 이랬는데 뭐? 화물전용 엘베??ㅋㅋㅋㅋㅋㅋㅋㅋㅋ그런거 있음 입주민들이나 많이 타세요^^ 지들은 음식냄새도 배기면 안되는 귀한 엘리베이터 타면서 배달원들은 화물용 엘베를 태워??ㅋㅋㅋㅋㄲ미친것들ㅎㅎ양심있음 너네가 1층으로 배달음식 받으러 내려와라;; 그리고 다행인줄 알아. 장성규가 그 사실알고 화물용 엘베타고 배달하는거 찍혔으면 네이버연예기사 1면에 '충격, 장성규 메세나폴리스에서 화물용 엘베타고 배달해...' 떴을테니까;;;",10000,0
7, 꺼내먹구말랭              ,이 기회를 통해 메세나폴리스 집값 떨어지길ㅋㅋㅋㅋㅋㅋㅋㅋㅋㅋㅋㅋㅋㅋㅋㅋ어디서 갑질이야 진짜 어이없네ㅋㅋㅋㅋ,1400,0
8, 최이안              ,진짜 메세나폴리스ㅋㅋㅋㅋㅋㅋㅋㅋ 민폐 하나 때문에 조회수 300만이 날라갔어;; 무개념아 대가리 박고 반성해라ㅋㅋ,411,0
9, 화이트올프              ,메세나폴리스로 배달 경험이 있는데 저것도 촬영이라 장성규님이 입주자용 엘리베이터 탄거예요. 일반 배달원이었으면 저기로 배달 잘 안가려고 해요. 이미 합정에서 배달원끼리는 꺼려하는곳으로 유명해요.,797,0
10, Seong Gyun Kim              ,워크맨 탄생비화와 모든 회차를 봐온 구독자로서 이번 편집을 계기로 워크맨의 내용이 달라질 것 같은 느낌입니다. 있는 그대로 보여주는 리얼이였는데 이제 사회적인 눈치와 분위기를 보면서 결국 선넘는 장성규의 매력에 리미트가 생겨버렸네요. 초심의 리얼이 아닌 그냥 방송예능이 되어버려서 너무 아쉽다.,118,0
11, 신재생에너지              ,"못보신 분들을 위해장성규님이 '메세나폴리스'라는 아파트에 배달을 가는데 주문자가 아파트 바로 앞에 있는 음식점에서 배달을 시킴.그래서 아파트로 배달가는데 입구를 겨우 찾고 인터폰 연결해서 문 염(1차 관문) 그래서 엘베를 타니 3층까지 밖에 안감(2차 관문) 내려서 문을 또 하나 지남(3차 관문) 이제 아파트 전층가는 엘베 탓더니 카드키 찍어야함 (4차 관문) 옆에 입주자분 도움 받아서 (심지어 그분도 자기 사는 층밖에 못감) 25층에서 배달지인 13층까지 내려감.겨우 배달갔더니 초인종에 '아이가 자고 있으니 초인종을 누르지 마세요' 라고 붙어있음(이런 배달을 여러번 시켰다는 거지) 인터뷰 하면서 ""죄송해요 제가 좀 늦었는데 불편하지 않으셨어요?""라고 말하니까 '여기 오시는데 힘들어 하시더라고요' 라고 함.추후에 알려진 사실은 배달원은 거주자 엘베에서 냄새날까봐 화물용 엘베 사용 가능함.(주민 투표로 결정됨) 메세나폴리스로 배달하려면 저렇게 가야 되는데 그걸 알면서 배달시키는것들한테 시청자들이 비난. 그걸 보고 워크맨측이 문제생길까봐 원래 영상에다가 고정댓으로 '처음에 화물용 엘베의 존재를 몰랐다'라고 했다가 아예 재업. 이 영상으로 인해 인터넷 기사도 여러 나옴참고로 난 팩트만 씀",6800,0
12, 말말양              ,메세나 폴리스  대한민국 천민자본주의 의 표상이구나,325,0
13, PORTAL OW              ,임대주민 대피로 막아놓는건 어떤새@끼 대가리에서 나온거냐?ㅋㅋㅋㅋㅋㅋㅋㅋㅋㅋㅋㅋㅋㅋㅋㅋㅋㅋㅋㅋㅋㅋㅋㅋㅋㅋㅋㅋㅋㅋㅋㅋㅋㅋㅋㅋㅋㅋㅋㅋ,82,0
14, lo marlay              ,"이 모든건 메세나 폴리스 거주자 덕분입니다^^ 공론화 시킬 반석을 직접 손으로 마련 하셨네요. 참 대에단 한 건물 살면서 참 대애단한 고객이셨어요. 워크맨과 장성규님은 뭐 잘못한거 하나 없었습니다. 사실만을 영상으로 만들었을 뿐인데, 거만한 고객 하나 때문에 재업로드 하느라 고생이 많으셨음..",139,0
15, 황수와만석              ,그거도없아졌다 자동차가빵빵거려서 왜빵빵거려 자전거우선도론데!하는게없어졌다,284,0
16, 공기              ,합정 메세나 폴리스 반성해라합정 메세나 폴리스 반성해라합정 메세나 폴리스 반성해라합정 메세나 폴리스 반성해라합정 메세나 폴리스 반성해라,7500,0
17, 동수              ,임대세대한테는 비상구도 막아놓는다는 “ 그 “아파트..,160,0
18, 어우야              ,워크맨 잘못없다 구독자라 쉴드가 아니라 지금이 시대가 어느땐데 저 따위건물이 있냐,162,0
19, Byung Wook Park              ,워크맨은 을의 입장을 대변하는 유튜버고..이번 재편집을 통해 갑의 갑질을 다시 보았다..,117,0
0, 워크맨-Workman              ,"JOB것들아~~~♥ 인력소장이다,,,,~~~ 😎울~~수능본 잡것덜~~!! 수고가많었어 아주~~~!!! 스트레스 쌓였걸랑,,~~게스트하우스,,,뭐시기 추천일랑게~!!!바루 비행기티켓 끊어라~~~,,,ㅎㅎㅎㅎㅎ",13000,0
1, jms5324              ,안녕하세요 장민석입니다.혹시나 몇 분 안될.. 궁금해하실 분들을 위해..음원사이트에서 “장민석-게스트하우스”검색하시면 끝까지 들으실 수 있어요!좋은 경험이었습니다! 감사해요👋,12000,0
2, Vanni Yeth Loquellano              ,Minseok-ssi got a lot of exposure in this episode 😂,22,0
3, Kim Dean              ,장성규님 정말 진심으로 이번편에선 즐거워보여서 아빠웃음 지으며 보게됬어요 뭔가 찡함... 지금 최고주가찍으시고계신 장성규님도 어쩌면 이런 소소한 즐거움이 그리웠는지 계속 너무 좋아하는게 눈에보여서 슬픈에피소드같기도하네요 ㅜㅠ,2100,0
4, python pandas              ,핸드폰이 아니라 칫솔을 흔들다니 ㅁㅊ방송이다,2100,0
5, load ing              ,왜 한라산 마이크 얘긴 안보이는거얔ㅋㅋㅋㅋㅋㅋㅋㅋㅋㅋㅋㅋㅋ 저렇게 만든거 처음보는뎈ㅋㅋㅋㅋㅋㅋ,690,0
6, jms5324              ,안녕하세요 장민석입니다.혹시나 몇 분 안될.. 궁금해하실 분들을 위해..음원사이트에서 “장민석-게스트하우스”검색하시면 끝까지 들으실 수 있어요!좋은 경험이었습니다! 감사해요👋,12000,0
7, KB LOG              ,너무 자극적인 컨셉으로만 나아가던중 편안함 속에서도 충분히 시청자들에게 즐거움을 줄 수 있음을 증명하는 이번 화 였던 것 같습니다! (특히나 저도 제주도에서 게스트하우스를 운영하는 입장에서 매우 뿌듯 🙇🏻‍♂️ㅋㅋㅋ)  매 화는 불가능하겠지만 가끔씩은 이런 감성넘치는 편들도 기획해서 풍미를 더해주세용! 감사합니다! -제주도민,768,0
8, ひかり              ,냉장고와 화장실사이라고 한 이유는냉정과 열정사이 ost이기 때문입니다..이상 tmi,1200,0
9, Johnston Steiner              ,Oooh babyReally want you in my worlddddd,6,0
10, Epano Entertainment              ,this is one of the episode along with elsa's episode,17,0
11, Noble Stone              ,헉 웃으러 왔다가 가수를 2명이나 발견하다니. 장민석씨 자작곡도 너무 좋고 신예지씨는...가수 지망생 아님? 음색이 정인 뺨치네 ㄷㄷ,3800,0
12, 밤도리              ,안 웃어야지 하고 들었는데최양락에서 한번 터지고김고은에서 빵 터졌네ㅋㅋㅋㅋ그러다 사레걸림🤦‍♀️🤦‍♀️🤦‍♀️🤦‍♀️🤦‍♀️,784,0
13, 김도영              ,노래를 마지막에 넣은 건 '신의 한 수',527,0
14, Aurea              ,I think this is a personal favourite. It is my third time re-watching it!,47,0
15, mabel              ,this is such an interesting job! never saw anything like this~ looks so fun to spend some nights in a guest house during travels ^^,4,0
16, 돌멩이              ,나도 할때까지 한다“에뛰드하우스에서 핑크앞치마 입고 일하기”,3400,0
17, 최현규              ,저 사장님 마인드가 너무 좋다.....여행자에 대한 존중이랑 그 철학이 예쁘다고 해야하나,633,0
18, 예지예지신예지              ,안녕하세요 신예지입니다^^ 덕분에 어떻게하다보니 정식으로노래를 올리게되었습니다 이뿌게 봐주세용,38,0
19, blossom keita _              ,i died laughing when toothbrush-lighstick part and when the boy with guitar accompany JSK wash the dishes 😂😂😂,11,0
0, 워크맨-Workman              ,"JOB것들아~~~♥ 인력소장이다,,,,~~~ 😎워크맨이,,,첨으루,,~~뱅기를 타보나,,,했는디~일만하고왔지 머여~~~ㅠ대가리는~~!!! 포상휴가~~보내달라~~!!보내달라~,,!!!",11000,0
1, 추깨팔chgaphal              ,와.. 청소아주머니.. 나같으면 그냥 패스할거를 손님을 속이는 거라고.. 완벽하게 일하시네.. 멋있으시다,9300,0
2, 최윤우              ,사소한 얼룩도 놓치지 않는 청소아주머니의 모습이 최근 중극 특급호텔의 비위생적인 청소 모습과 대비되어 신뢰가 갑니다. 위생을 위해 뒤에서 묵묵히 노력하시는 청소아주머니에게 감사합니다.,2500,0
3, Force              ,점심 같이 먹는 여직원 진짜 사람이 좋아보인다,2800,0
4, zzugi123              ,손님들 일반인 아니고 섭외하는 거 아닌가 의심스러울 정도로 다들 겁나 웃김 ㅋㅋ,2000,0
5, 마카롱Macaron              ,2:08 실례지만 두분중에 누가 대가리세요랰ㅋㅌㅋㅋㅋㅋ 존나 예의바른데 존나 무례햌ㅋㅌㅌㅋㅋㅋㅋㅋㅋㅋㅋ,1700,0
6, 꽐루              ,"뭐야 ㅠㅜㅠㅠ 나만 ""착해빠져가지곤"" 할때 설렌거야..?? ㅠㅠㅠㅠ 나쁜남자 같아 ㅠㅠㅠㅠㅠㅠㅠ",1000,0
7, firststep Song              ,언제 한번 펭수랑도 같이 콜라보 하시죠 ㅋㅋㅋㅋ 선넘는 인싸 콜라보 ㅋㅋㅋ,724,0
8, 석정현              ,장성규 출연료 100만원 얘기듣고 깜작놀랬다 출연료 1억은 줘라 장성규 아니면 누가보노 이거ㅋㅋㅋ,368,0
9, F Z              ,THE ENGLISH SUBTITLE IS AVAILABLE BUT NOT WATCHABLE!!! TO FREAKING FAST,12,0
10, ᅳᅳ              ,근데 워크맨은 장성규도 웃기지만 나오는 시민분들도 되게 웃김ㅋㅋㅋㅋㅋ,5300,0
11, 대물메기              ,05:02 여기 진짜 너무웃김ㅋㅋㅋㅋㅋㅋㅋㅋ장성규: 첫사랑이세요? 남자: 네..?(당황),515,0
12, Nour 127              ,He's so funny I love how he plays with words Tvxq !!Stupid !!He's so funny,26,0
13, 사람눈              ,05:32 ~ 05:40 왜 이렇게 귀엽냐...,421,0
14, sukumi              ,sang kyu: he looks like lee jong sukthe mother: no he looks like song joongki HDHDHDHSHSHSJSJ,28,0
15, findthehiddenheart              ,3:27 목격子ㅋㅋㅋㅋㅋㅋ 하긴 그 누구보다도 확실한 목격자긴 하지ㅋㅋㅋㅋㅋㅋㅋㅋ,131,0
16, 꼬팡이              ,워크맨을 보면 드립력을 습득할수 있다 ㅋㅋㅋㅋㅋㅋㅋㅋㅋㅋㅋㅋ 분명 손님으로 오신분들도 워크맨 보고 드립력 키운것이야 ㅋㅋㅋㅋㅋㅋ,348,0
17, 옒.              ,5:32 5:39 착해빠져가지고 왜이리 웃곀ㅋㅋㅋㅋ,100,0
18, 손진호              ,4:11 여자분 졸귀 ㅋㅋ,31,0
19, 쿠파 맨              ,성규형 어쩔수 없어 해병대 체험 가시죠 사칭하고 다니는데,2300,0
0, 워크맨-Workman              ,"JOB것들아~~ 인력소장이다,,,,,,,,~ 😎 😎 😎07:21 자막드립대회 최종 선발은,,,요것이 되어따아~!!커뮤니티 이벤트 게시물에,,,맨~~~첨으루~~ 댓글 달어준,,, @뚝배기 잡것~~!!! 선물 보내줄테니께,,,밑에 내용 확인허구~~!!!!   ● 당첨자분들은 2019년 11/13까지 jjangtbc.jtbc@gmail.com로 [이벤트명 (워크맨 보좌관2편 자막 이벤트) / 유튜브 닉네임 / 이름 / 핸드폰 번호/ 경품 발송지(우편번호 포함) / 경품 수령을 위한 개인정보활용 동의 문구 (ex-동의합니다)]를 보내주세요.● 이벤트 참여 댓글이 삭제 혹은 수정되거나, 기한 내 정보가 도착하지 않을 시에는 당첨이 자동으로 취소됩니다.● 개인 정보는 경품 발송 용도로만 사용되며 (개인정보는 경품 수령 이후 1개월 후 삭제) 정보 오기재, 받으시는 분의 부주의로 인해 반송된 경품은 재발송이 불가합니다.",6100,0
1, JTBC Drama              ,"집 나간 아들이 알바하고 다닌다고 해서.. 보러왔어요... 고마워 아들.... 엄빠 드라마에도 나와주구... 아들 책 낸거 모르는 사람도 있는거 같아서... 엄빠가 10권이나 쟁여놨어.. 잡것들.. 일만 하지 말고... 우리 아들 책도 좀 읽으러 와.. 요..↓ 링크다 임마 https://bit.ly/36FSCBg",11000,0
2, abc              ,보조출연자 자매 자살 사건이 많이 공론화되었으면 좋겠네요여자 보조출연자가 10명 넘게 성폭행 당하고 경찰조사 과정에서 성희롱 당해서 결국 자살하고 아버지도 뇌출혈로 사망하고 어머니 혼자 1인 시위 중,4500,0
3, 열구              ,연예인이 하는거라고 되게 많이 미화됐네 스태프들 배우들 반장들까지 보조출연자들 막대하는데 방송용 카메라 있다고 다들 얌전한거봐 ㅎㅎ물론 착한 배우 스태프들도 많지만 내가 몇년간 봐온 드라마 현장은 형편없었음 출연자들을 사람이 아닌 무슨 모조품 마냥 취급하던데 혹여나 이 영상보고 보조출연에 대해 환상 갖지마세요 참고로 출연자한테 욕하는 배우들도 있음 ㅎㅎ 누구냐고는 말못하지만 사람들이 인성 좋다고 알고있는 모 배우들 공통점은 전부 천만배우 국민배우라고 칭함 ㅎ 심지어 이중 한명은 출연자 폭행까지 해서 소속사가 입막음도 했엇음,2800,0
4, 탑재개념              ,보조출연자 자매 자살사건 잊지맙시다. 가해자 당사자들 저 바닥에서 멀쩡히 아직 일하고 있음.,4200,0
5, Insun yoo              ,"성규씨 덕분에 7년동안 연락없던 사람한테도 연락이오네.... 재미지게 인터뷰 잘했어요.... 저 고졸이고 주호민,염따아닙니다",2500,0
6, SANG GOO              ,이거 알바한적 있는데 ㄹㅇ 사람취급 안해줌 반말은 기본이고 보조출연자들 텃세까짘ㅋㅋㅋ 외투 주머니에 넣어뒀던 화장품 누가 몰래 뭉개뜨려놓음 대기시간은 말할것도 없고 ㅎㅎㅎ 재미삼아 연예인 볼 겸 한 번 해보는 정도지 뭐+) 답글 보니깐 고생하신분들 정말 많으시네요.. 밑바닥놈들이 가진 것 없으니깐 괜히 사람들한테 심술부리는듯 ㅜㅜ,1800,0
7, L루나              ,보조출연 알바 경험해봤는데 텃새뿐만 아니라 반말은 기본이고 하대한다 해야하나? 몇번 더 일했다간 자존감이 바닥을 칠것 같아서 그만둠.. 한두번 경험해보는건 좋아요~ 저긴 워크맨 찍어서 그런지 분위기는 좋아보이는데 실상은 사람 위축되게 만드는 분위기.. 다 그러진 않겠지만 보조출연이라고 해서 사람 하대하지 마세요^^,2300,0
8, 김민교              ,"와,, 근데 정웅인님이 성규님 나오게 해달라고 하는 거 인성이 보인다 ㄹㅇ 존멋",1800,0
9, 선인장              ,"자매자살사건, 가해자12명은 처벌도 받지않고 아주잘살고있습니다/가해자12명 얼굴,직장 모든신상을 퍼트려서얼굴들고다닐수도없게!낙인해서 사회에 격리시키고싶네요",479,0
10, Pth No              ,보조출연 예전에 자매가 성폭행당해서 자살하신사건......아직도 너무 충격이라 기억남 어지간하면 하지마세요ㅠㅠ특히 여자분들은 더더욱,543,0
11, King Jo              ,보조출연 하니까 갑자기 보조출연자 반장이 두자매 자살하게 한 사건이 떠오르네,808,0
12, 블랙말랑카우우              ,3:29 진짜 보조출연 종사하시는 분들은 저런말을 밥먹듯이 들으셨을것 같은데 이후에 장성규씨 발언 너무 사이다인듯ㅎㅎ,641,0
13, 박주민TV              ,진짜 보좌관 알바도 와주세욬ㅋㅋㅋㅋㅋㅋ,538,0
14, ohth gee              ,드라마 스테프들. 배우들한테는 굽신굽신 하면서 보조출연자분들한테는 야야야 그래요??가만히 있는 보조출연자들한테 짜증내고 반말은 기본이고,174,0
15, 리뷰카              ,"여기저기 댓글 보니까, 보조출연자 분들의 현실이 바닥인가보네요젊은 분들 괜한 호기심에 찾아가서상처 받을까 걱정이네요ㅜㅜ모든 보조출연자 분들! 힘내세요!",207,0
16, Rere Fahrobi              ,2:17 it's shawn mendes's lost in japan lyrics!!!the subbers are really good at their job,8,0
17, hands up!! F.B.I              ,"시급 쌘게  물리적으로  힘들어서가 아니라  정신적으로  힘들어서  일듯..... 자기보다  나이많은 사람한테도  ""야야"" 거리면서  함부로  한다던데;;",575,0
18, 임승민              ,장성규 띵언높은 곳에 있을때 온 연락은 경계하고낮은 곳에 있을때 온 연락은 기억해라메모..,5300,0
19, 발인              ,03:25 저기있는 부반장님 진짜 착하신데ㅠㅠㅠ 촬영보조 처음 알바로 했을때 긴장 진짜많이했는데 잘 챙겨주시고 말도 먼저 친근하게 걸어주셔서 진짜 감사했어요ㅠㅠ,241,0
0, 워크맨-Workman              ,"잡것들아~~ 또 한가지 당부하자면,,,,~~!! 😎😎😎용기내서 출연해준 울 쏀~~잡것들에게,,, 상처가 될 댓글들은,,,삼가줘~~~!!!쪼오끔,, 진지해도,,~~!! 울 300만 잡것들에게,,,조금이나마 도움이 됐으묜 헌다~~~!!!ㅎㅎ",22000,0
1, 강정훈남 Hoon Nam              ,안녕하세요 홈쇼핑 피디입니다! 최보규님 모바일라이브 쇼핑 방송에 섭외해보고 싶은데 연락 닿을 길이 없어서요ㅠㅠ 혹시나 보신다면 댓글 남겨주시면 감사하겠습니다!,14000,0
2, 강정훈남 Hoon Nam              ,"안녕하세요! 최보규님 섭외했던 홈쇼핑 피디입니다. 방송 일정을 알려달라는 요청이 많으셔서 이렇게 댓글 남깁니다! 11월 11일 오전 11시 <명품 특집>11월 11일 오후 3시 <직매입 의류 특가전>이렇게 2개 방송에 최보규님이 나오실 예정입니다!시청방법은 1) Hmall 어플 다운   2) +홈 탭 클릭   3) 쇼핑라이브 배너 클릭  해주시면 됩니다!기존 TV홈쇼핑과는 달리 유튜브 라이브처럼 실시간 채팅을 통해 진행되는 방송입니다.시간 괜찮으시다면 시청하시면서 많은 응원 채팅 남겨주시면 감사하겠습니다!!(팀장님 저 유튜브로 딴짓 안해여.. 일하고 있는거에여..)* 혹시나 상업적인 댓글로 보이시거나, 워크맨 관리자분이 판단하시기에 이런 홍보성 댓글이 문제가 된다면 바로 삭제하셔도 됩니다! (저 워크맨 진짜 팬입니다. 잡것중에 잡것입니다ㅠㅠㅠㅠㅠ)",1100,0
3, Eric Lee              ,여담이지만 서울대 다니는 사람이 서울대를 다닌다고 자랑하고 다니지 않는 이유는 나를 나로 봐주지 않고 서울대라는 배경만 봐서 그럼. 배경이 너무 쌔니까 정작 그 사람은 못 보는 사람들이  너무 많아서,2000,0
4, SliceOfPotato              ,Lol he is indeed an announcer and he could indeed make a consultant firm.,36,0
5, 언부기              ,왜 출연하신분들이 보기 불편하셨다면 이라고 댓글로 사과를 해야하는걸까.. ㅠㅠ 그걸 불편하게 보는 사람들이 머리장식일텐데..,1700,0
6, 김현정              ,"안녕하세요! 출연자로 나온 김현정입니다☺️영상에 오해의 소지가 있는 것 같아서 고민하다가 댓글을 남깁니다학교 이야기는 제가 먼저 꺼낸 말이 아닌 학교 질문에 대한 답이었고 학교와 관련없는 이야기가 많았는데, 아무래도 출연자 5명의 이야기를 한 곳에 담다보니 함축되어서 제가 하고자 하는 이야기가 다소 다른 방향으로 비춰질 수 있을 것 같네요ㅠㅠ제가 하고 싶었던 이야기는 '항상 앞만 보고 열심히는 살아왔는데, 막상 취준을 앞두고 나니 회사가 수많은 사람들 중에서 꼭 나를 뽑아야 하는 이유를 모르겠다' 였습니다장성규님께서 말씀해주신대로 학교는 제가 정말 열심히 노력해서 얻은 소중한 성과지만, 그또한 그저 제가 가진 하나의 특징에 불과하다고 생각합니다 학교는 교육의 장소일 뿐 회사에 맞는 인재를 양성하는 곳은 아닌 것을 알기에 항상 안주하지 않고 열심히 살려고 노력했습니다그럼에도 불구하고 이미 능력있는 분들이 많은 취직시장에서 회사가 다른 분들이 아닌 저를 꼭 뽑아야 하는 이유를 모르겠어서 막막하고 위축되는 마음이 들어 출연하게 되었습니다충분히 오해할 만한 사항들이 있었다는 것을 잘 알기에 이렇게나마 전하게 되었습니다 혹여나 저 때문에 영상 보시면서 불편한 감정이 드셨다면 정말 죄송합니다환절기라 날이 많이 추워졌는데 다들 감기 조심하시고 항상 행복한 일만 있으시길 바라요☺️끝으로 좋은 추억 남겨주신 워크맨팀 정말 감사드립니다!",7600,0
7, Hard Heart              ,He is really cool and sincere when giving all his wise input and advice.,13,0
8, Tus Woo              ,서울대 조언해준거 대박이야,394,0
9, C T              ,I sincerely think JSK can start a consulting firm lol,47,0
10, 최민성              ,그냥 웃긴사람 인줄만 알았는데 저렇게 진지하게 말하는거 보니깐 멋있다,325,0
11, 내동댕이              ,모의면접 5명 안에 들지못한 사전 인터뷰자들은 또 한 번의 불합격이라는 통보를 받았겠네. 그들에게 위로를. 취준생들 모두 힘내시길.,9200,0
12, 장다혜              ,최보규님은 그냥 바로 투입해도 야무지게 너무 잘할거같은데 92년생 치고 저렇게 똑소리나고 비주얼 우수한 사람 멋지다 생각,224,0
13, Khalidific GG              ,Its my first seeing JSK serious. It feels very different,5,0
14, 화목              ,장성규의 웃음은 타고난 게 아니었어... 삶의 수많은 언덕과 산을 넘은 결과물이었어...정말,701,0
15, Mr. Kim              ,장성규님께서 선을 넘는 캐릭터로 유명한데 컨설팅을 하는 동안 샤프하게 잘 지도해주시는 것 보고 다시금 대단한 분이라는걸 느끼네요,422,0
16, 이경훈              ,성규형 질문 예리하다 이건 실제로 압박면접을 엄청 많이 접해보고 이해도가 높아야 저렇게 나올수있는데.. 멋있...다,3500,0
17, Bangkok Ji              ,웃으며 하는 얘기겠지만 장성규 님이  저 위치에 가기 까지얼마나 노력했을까요 존경,386,0
18, 윤정현              ,이번 영상이 장성규가 프로라는 걸 보여주네,36,0
19, Layek Miah              ,I love Jang Sung Kyu can be hilarious at times but showed his serious and softer side at times today :),98,0
0, 워크맨-Workman              ,"영상 내 의류매장 아르바이트 유니폼의 경우 두가지 안이 있습니다. 첫번째로 타 브랜드가 크게 부각되지 않는 선에서 본인 옷을 착용하도록 권장하고 있으며, 두번째로 아르바이트생이 구매를 원할 시에 직원 할인가 혜택으로 구매를 할 수 있도록 합니다. 강매라고 오해되는 부분이 있어 안내 공지해드립니다 😀",13000,0
1, 최패트              ,현직 패션 종사자입니다.브랜드에서 판매직도 많이 해봤는데브랜드 옷 직원들한테 강매합니다.한 두곳이 아니라 대기업 브랜드들도 흔하게 하는 일입니다.본인 브랜드 상품 홍보효과로 직원들 입힐거면 브랜드에서 부담해야지 왜 직원들한테 강매하는지 이해가 안되더라구요 싫으면 나가라 그만둬라 배째라 식이에요,3600,0
2, 전성무              ,광고하려다 이미지 ㅈ망한 좋은케이스 ㅋㅋㅋㅋㅋㅋㅋㅋㅋㅋㅋㅋㅋㅋㅋㅋㅋㅋㅋㅋㅋㅋㅋ,2100,0
3, 도봉산크리링              ,돈 받고 일하면서 눈 튀하면 손님한테 맥 빠지고 짜증 난다고 생각하는 자체가 서비스업에서 일 하면 안 된다..제발..부탁이에요..,1900,0
4, 벌써일년              ,뜨내기 손님비하표현하는거맞음 ㅋㅋㅋㅋ 어쩌다가끔오는손님=호구 란 뜻으로 쓰이는거 자영업해보거나 일해본사람다아는데 무슨 ㅋㅋㅋㅋㅋ 욕처먹어도쌈,1200,0
5, 꼬순내              ,뜨내기????이건 불편충을 떠나서 나도 판매직 하는 사람인데 한번도 저런 단어 내입에서 꺼내본적도 없고 구경만 하고 나가도 아무생각 없는데 저분은 그거마저도 진상으로 보는거임? 더군다나 촬영하는거 알면 말조심해야지..,553,0
6, 장이끼              ,JTBC 아나운서 알바요 형 진짜 마지막이요,8700,0
7, 불낵넛              ,"ㅋㅋㅋㅋㅋㅋㅋㅋ그냥 장성규님 대하는 것도 별로라고 느껴졌는데 손님을 뜨내기라고 표현하는 거 자체도 별론데; 그냥 워크맨 다른편에 나온 직원들이랑은 다른 느낌인거 확 와닿고,, 댓글에 안좋게 보인다는 의견도 많은 거 보면 확실히 잘하진 않은 것 같은데,,ㅋㅋ",469,0
8, Jae Geun Lee              ,안사고 나가면 뒤에서 직원들이 저런식으로 얘기하네ㅋㅋ,1400,0
9, 장영현              ,패션 브랜드 여기저기서 판매알바 많이 해봤는데 지금까지 노스페이스 빼고 왠만한 브랜드들은 전부다 유니폼 강매했음... 그때는 그게 당연한줄 알았는데 노스페이스는 유니폼 그냥 주길래 개감동했었던 기억이....,824,0
10, 곽두팔              ,“디스”는 되는데 “커버리” 안된다 장성규 그의 드립력은 어디까지 인가 ..,1700,0
11, Woohyeon Lee              ,냇지오 홍보팀 난리났을듯 ㅋㅋㅋㅋㅋㅋㅋㅋㅋ 홍보해달라고 알바 섭외했을텐데 직원 유니폼도 강매시키는 복지시스템 실태만 드러내고 홍보는 전혀 안됨 ㅋㅋㅋㅋㅋㅋㅋㅋㅋㅋ,2400,0
12, 삼색애옹              ,첫번째 손님 중간에 반말하면 장성규도 같이 반말하네ㅋㅋㅋㅋ 빼! 이러니까 알았어라니ㅋㅋㅋㅋ,1300,0
13, 수정              ,옷보러온 사람한테 뜨내기 이지랄한다,882,0
14, 이응아              ,저 지점은 주말에 가면 매니저한테 뒤에서 뜨내기 소리 듣는구나ㅋㅋㅋㅋㅋ안가야지 ㅅㅂㅋㅋㅋㅋㅋㅋㅋㅋ,328,0
15, Hard Heart              ,This episode is the funniest and heartwarming at the same time. Seeing Sungkyu-nim talked with the customers with that friendly way probably made the day for both the customers and those working there,3,0
16, 롤피디              ,옷 가게 갈 때 직원분들이 말 안 거셨으면 좋겠음 ㅜ,5700,0
17, ᄋᄉᄋ              ,"I’ve been wanting National Geographic apparel, but they don’t ship internationally.. I hope i can buy it soon😊😊",1,0
18, sk moon              ,옷보고 마음에 안들면 안살수도 있는거지 ㅋㅋㅋㅋ 뜨내기라니 ㅋㅋㅋㅋㅋㅋㅋㅋ,887,0
19, 이지혜              ,역시 근본없는 브랜드답다. 기술력은 1도 없고 판권만 사와서 로고만 찍어서 옷 판매하는 기업. 알바생조차 카메라 앞에서 뜨내기 타령하는거면 말 다했지,473,0
0, 워크맨-Workman              ,"잡것들아~~~♥ 인력소장이다~~~~,,,😎우리보다,,, 드립~ 더!!!,,, 잘치는 잡것들~♥ 나와봐~~~ㅎㅎ멍게소리하지말고~ 조개구있네….ㅎㅎ",16000,0
1, 인사처TV              ,워크맨이 해양수산부와 콜라보 하셨기에 저희도 줄서봅니다^^ 공무원 체험 어떠세요?,16000,0
2, 벚꽃다솜              ,왜 아무도 노래부르신 분 얘기를 안하시지? 진짜 잘 부르시는데,1600,0
3, hye Ju              ,시밯ㅋㅋㅋ 사장 뒷담해보라니까 아빠가 사장이노 ㅋㅋㅋㅋㅋㅋㅋㅋㅋㅋㅋㅋㅋㅋ,1500,0
4, 워드에드              ,편집하나는 인정한다 역대급이다ㅋㅋㅋㄱㅋㅋ,1200,0
5, 넵튠              ,진짜 이분은 시대 잘타고 태어났다.약간만 늦게 태어났으면 관종 충족 못해서 화병에 뒤질듯,498,0
6, 지원박              ,될때까지 한다 방송국 아나운서 체험,14000,0
7, 고래              ,魚쩌라고 ㅋㅋㅋㅋㅋㅋㅋㅋㅋㅋㅋㅋㅋ존나 신선해 이런자막은 진짜 처음이야,417,0
8, Aria Eireen              ,The style of the song is almost like Psy's style XD,44,0
9, 베스트              ,노래 ㅋㅋㅋㅋㅋ 아 개병맛인데 중독성있고 잘생겨보인다 와 뭐지ㅋ,587,0
10, 이택준              ,"방송국 아나운서는 좀 그러실테니,사내 방송 아나운서/기자 어떠세요! 여기는 나주에 있는 한전 홍보실 입니다~~!! ㅎㅎ",654,0
11, 빡대가리              ,잡것들이 원하는 성규형이 꼭 해야 하는 목록1.JTBC 아나운서2.에뛰드 아르바이트3.수련회 교관4.연예인 매니저5.베어그릴스 따라다니는 카메라맨6.쿠팡맨7.택시기사+ 댓글에 추가,4200,0
12, Julia Kim              ,자막 진짜 천재같닼ㅋㅋㅋㅋㅋㅋ 얼마나 노력해야 이런 드립이 나오지...ㅋㅋㅋㅋㅋㅋㅋ,237,0
13, 정민황              ,할아버지 진짜 동안이네 ㄸ,33,0
14, 가을봄              ,장성규 출연료나 올려줘라... 뱅송국놈들아,281,0
15, 승강기              ,왜 다들 키스를 할땐 엘엘레레렐레레렐 언급안해 ㅋㅋㄱㅋㄱㅋㄱㅋㄱ 나는 거기서 터졌는데 ㅋㅋㅋㅋ,62,0
16, 갓메시              ,성규형 제발 형이 수련회교관하는거 보고싶어ㅎ,6100,0
17, reereere le              ,safe to say that last clip has scarred me for lifealso i need to download that song 😂😂😂😂😂😂😂,55,0
18, 시골쥐은미키              ,형.. 어떻게된거야.. 인터뷰 다들 거부해 .. ㅋㅋㅋㅋㅋㅋㅋㅋㅋㅋㅋㅋㅋㅋㅋㅋㅋㅋㅋㅋㅋㅋ 근데 편집 ㄹㅇ 미쳤다ㅋㅋㅋㅋㅋㅋ,218,0
19, Trang Le              ,The clip is crazy fast I can’t even finish reading the subtitles,87,0
0, 워크맨-Workman              ,"울 성규는,,,,~~~ 환생하면 뭘루다가,,, 작명해줄까~~!!!잡것들이~~ 직접,, 지어줘,,ㅎ~드립력~~~ 지켜보게쒀,,,~!!!ㅎㅎㅎ 😎",17000,0
1, 은후              ,될때까지한다 제발 jtbc 아나운서체험,24000,0
2, Vino Red              ,모든걸 다 쏟아내라는 의미에서장염,2800,0
3, Snow John              ,김정일 얘기들으신분ㅋ순간 기분 나쁠 수도 있는디쿨허게 웃어주시고 드립까지 받아주시고 멋있으시다~👍,581,0
4, Mini-Ninetail              ,김아자세 김오찌 류이비통 미쳤다진짜 ㅋㅋㅋㅋㅋ개웃곁ㅌㅋㅋㅋㅋㅋㅋㅋㅋㅋㅋㅋㅋㅋㅋㅋㅋㅋㅋㅋㅋㅋㅋㅋㅋㅋㅋㅋㅋㅋㅋㅋㅋㅋㅋㅋㅋㅋㅋㅋㅋㅋ,2900,0
5, Toluwani Ojo              ,He should have become a comedian I swear.,5,0
6, ww w              ,다음 워크맨 '아빠'  어때요?!?!페북에서 아들 많이 못챙겨주신다고 우시는거  봤는데 ㅠㅠㅠ 세상에서 가장대단한 직업이 부모님 이잖아요 !약간 슈돌느낌으로 하루종일 육아하거나 놀러가는거 등 아빠로써의 모습도 너무 궁금해용365일일해도 무보수이지만 정말 의미있을 것 같아요오,7300,0
7, 박건영              ,야동본 여자분 먼댘ㅋㅋㅋㅋㅋㅋㅋㅋㅋㅋㅋㅋㅋㅋㅋㅋㅋㅋㅋㅋㅋㅋㅋㅋㅋㅋㅋㅋㅋㅋㅋㅋㅋㅋㅋㅋ,1600,0
8, TROIS UnDeux              ,국악기 장인이 카드도 돼 하는거 왤케 웃기지 아ㅋㅋㅋㅋㅋㅋㅋㅋ,4,0
9, 비타민샷              ,산 사람한테 두번 절하는거 ㅋㅋㅋㅋㅋㅋㅋㅋㅋㅋㅋㅋㅋㅋ,706,0
10, hi hi              ,비록 겉은 성시경이 못되어도 속은 성시경이 되라는 의미에서장  내시경,88,0
11, 조민찬              ,좋아요 누르면 내일 좋은일 생김⬇️,8000,0
12, 조광진              ,땅에 그림 그릴 때 표정변화 ㅅㅂ ㅋㅋㅋㅋㅋㅋㅋㅋㅋㅋㅋㅌㅋ,240,0
13, 서유진              ,역시 작명가님 센스 확실히 빛나네. 아무나 민속촌 알바를 할 수 없다는걸 확실히 보여주심ㅋㅋ,306,0
14, 개구리              ,성규는 대체 아나운서는 어띃케 한거냐? 진짜 저세상 개똘 ㅋㅋㅋ,27,0
15, 마을사람A              ,장성규는 자기보다 윗사람이랑 방송하면 좀 많이 못하더라 ㅋ진짜 친한 형 아니면 동생들이랑 해야지 워크맨 같이 편한 모습이 나온다고 개인적으로는 생각함 ㅋㅋㅋ,354,0
16, 영진이              ,안녕하세요 장성규님 분장해드렸던 그림도깨비입니다장성규님 피부가 진짜 좋으시더라구요 확실히 키엘을 쓰셔서그런가...? 얼마나 좋았냐면요 제가 성규님보고 눈이부셔서 썬글라스를 30만원어치 사버렷....!!!...이렇게 하면 되죠 피디님?,4600,0
17, 백문이불여일식              ,별거없어 내가 원하는 JOB은 주유소 알바야 성규형 이 유튜브하는 걸 후회하게 만들어 주겠어 주유소 알바 가자,463,0
18, 민속촌댓글서당              ,소인이 이 나으리 때문에 복귀를 못하옵니다…,396,0
19, 융아              ,제가 이 영상보고나서 오늘 현체로 한국민속촌 갔다왔는데 염라대왕님 한테 염대가리라고 하니까 제 머리 실짝 때렸어욬ㅋㅋㅋㅋㅋㅋㅋㅋㅋㅋㅋㅋㅋㅋㅋㅋㅋㅋㅋㅋㅋㅋㅋㅋㅋㅋㅋㅋㅋ,253,0
0, 워크맨-Workman              ,"Job것들아~~~~~~,,, 인력소장이다,,, 😎😎😎09:54 돈 삥땅친거,,,,아니구우~~ 잡것들 위해서~~ 이벤트 많이~!! 준비중이니까,,,!!ㅎㅎㅎㅎㅎ구독이랑,,,,알람설정,,해놓는거~~!! 잊지말어~,,,~~!ㅎㅎ",15000,0
1, 김진수              ,사실상 우리나라에서 없으면 안되는 제일 귀한 분들임,15000,0
2, 황머리              ,27나이에 외부.내부 벽채 돌(석공사) 일하는 3년차된사람입니다가끔 인식때문에 너무힘듭니다  물론 대기업직원들.일반사람 보단 저는 가방끈짧다고생각하긴합니다23살9월에 군대전역하고 잠깐벌어볼까하고 23살10월에 뛰어들었는데  일이재미있어서 지금까지하고있네요영상에 보이는 돌 외벽작업(석공사) . 타일   그리고 영상엔안나왔지만 설비.용접.전기 목수 내장목수 등등 기술직입니다 장성규씨가 붙인 타일 쉬워보이지만 저거 다 마감.레벨.메즈보면서 붙이는겁니다어느공정이든 기술자들보면 돌대가리는아닙니다 생각없인 기술자타이틀 못답니다건설업에 대한 우리나라 인식이 좋아지길바라고  중국인보다 젊은제또래 친구들이 더 많은 세상이왔으면좋겠네요,2400,0
3, 백남준              ,사람들이하는말이 노가다는 가장더러운직업이라는데 노가다만큼 깨끗하게 돈버는 직업은 별로없죠.....,3100,0
4, 욘니운              ,노가다 하시는분들.. 제발좀 내가 못배워서 내가 못나서 그런말좀 하지마세요.. 배운사람도 못하는게 노가다 입니다.,138,0
5, 천희창              ,와 오늘영상중에 '레미안 아파트 1평도 못사'가 제일 소름돋았다....,1400,0
6, 박재한              ,될 때 까지한다...JTBC 아나운서 체험기,10000,0
7, 희블리              ,저희 아부지도 건설현장에서 일하시면서 우리남매 키우셨는데..여름이면 일하다가 쓰러지시거나 돌아가시는분들 진짜 많아요 돈 떼먹는 인간들도 있구요 참 여러모로 힘든직업입니다 아부지감사해요,1900,0
8, 픽북              ,그러니까 집값이 미친거지요미치도록 몸상해가며 돈벌어도 한평을 못산다는 게 말이 되나요??사람이 어느 정도 감당할 수 있는 수준으로 집값을 맞춰야하는데뜬구름 잡는 이야기이니....서민들은 갈수록 살기 힘드네요힘든 일 하셨는데 푹 쉬세요항상 응원합니다,1700,0
9, v p              ,"""I'm announcing it for the 1st time on here, but bfr its air I'll upload on my instagram"" I'm laughing so hard 😂😂😂😂😂",3,0
10, 왕서방              ,마지막 말이 명언이다.일당 받아 한푼도 안쓰고 1년 동안 모으면 래미안 아파트 한평도 못사 ㅋㅋ,274,0
11, 리오              ,오늘도 한달 ㅈ빠지게 일하고 월급 임금체불당했습니다 ㅋㅋ성규형 첨에 같이일하셧던 로프타시는분이랑 같은공정이고 시원하게 7월 8월 9월 임금체불중이네요 노동청 신고접수는 추석전에했습니다만 노동청도 쉬쉬하면서 한달쭉가고 카드 대출 자동차할부 다 빵구나겠네요 ㅋㅋ 강원도인제 양x건설 원청에 천x건설순천 양아치놈들 노동청도 건설업장도 다 양아치네요 살기싫네요먹여살려야할 가족에게 더 미안하네요,3700,0
12, 김건구              ,당연히 건물이 완공됬을때가 가장 보람있을거라고 생각했는데 월급받아서 가족들 먹여 살리는게 보람있다고 했을때 감동포인트였고 밥먹으면서 자신이 못해본거 자식들 하게 하려고한다 라고 했을때 또 감동이였다 부모란 존재는 정말 대단하다. 혹시 지금 시간이있다면 부모님한테 한번씩 전화드리자.,2,0
13, h. a              ,The labour worker in every place on earth are the real fighters.... They work for their families in the hot & cold weather..&they simply can't be sick... . Respect,8,0
14, yumi              ,다른 편은 다 쳐웃으면서 봤는데 이건 웃으면서 못보겠다 ㅠ,348,0
15, 신효정              ,톨케이트 계산원 해주세요...진짜 잘 하실 것 같은데....,589,0
16, 우리집에쌀이많다              ,현장일 하는 사람들 보고 공부못해서 저런일 한다고 천대하는 문화는 조선시대부터 땀흘리고 손에 흙이나 피 묻히는 직업을 천대했던 어리석고 썩어빠진 성리학 때문임. 그것 때문에 기술이 발전 못하고 뒷쳐져서 나라까지 잃어봤으면서도 지금도 똑같이 반복하고 있음.현장일을 모두가 기피하면 도돼체 누가 그일을 하고 또한 거기서 인재가 나와서 기술이 발전할 수 있단말인가!제발 사무직과 현장직 차별 없는 세상이 왔으면 좋겠다,4600,0
17, 봄나무방송국              ,누군가는 해야 할 일들이지만 위험이 따르기때문에 선뜻 나서지 못하는 일들을 묵묵히 해주시는 여러분들께 감사인사드립니다. 항상 조심하시고 안전이 최고입니다!!!!!!! 힘내십시요!!!!!!!!  (또 보러옴 재밋엇어 ㅋㅋㅋ),457,0
18, bunnings house              ,노다가도 진짜 육체노동만 하는사람은 거의없음 대부분 기술자들이고 힘든만큼 많이버심,374,0
19, 무앙              ,"워크맨 최고의 에피소드라고 생각합니다. 이곳이 토론의 장이 되었고, 다양한 의견들을 읽어보며, 많은 생각을 하게되는 밤이네요. 한가지 깨닫는 것은, 지금 나에게 주어진 시간을 소중하게 생각하며 최선을 다하자는 것 입니다. 미래는 정해져있는 것이 아니고, 설령 정해져있더라도 바꾸는 것이라고 생각합니다 : ) 모두 화이팅 합시다!",141,0
0, namm1461              ,늘 느끼는건데 장성규도 장성균데 편집이 일반 유튜버들 편집이랑 차원이 다름. 장성규 특유의 선 넘을랑 말랑 드립을 잘 살림. 워크맨이 이만큼 빨리 큰건 편집도 큰 몫 함.,6300,0
1, 김신수              ,장성규 디팡 디제이하러가면 꿀잼일듯 ㅋㅋㅋㅋ,2900,0
2, PD망고              ,죄송한게...남들은 이걸 보시고 다른 분 말리꽃 보신듯 한데..전 거꾸로 이게 가장 마지막으로 떠서요....하..ㅎ....ㅜ 잘 부르시네요 ㅎ,5,0
3, minjun Goo              ,어떻게 아나운서 했다냐ㅋㅋㅋ 진짜 프리랜서로 전향한게 신의한수다,1400,0
4, 임마누엘              ,복면가왕 섭외 들어간다에 내 돈 모두와 내 손모가지를 걸겠어,2200,0
5, 김현미              ,아니 ㅋㅋㅋㅋㄱㅋㄱㅋㄱㅋ 잘보면 안경알없고 통과해서 눈비빔 ㅋㄱㅋㄲㅋㄱㅋㄱㅋㄱㅋㄱㅋㄲㅋㄱㅋㄱㅋㄱㅋㄱㅋㄲㅋㄱㅋ,1100,0
6, 심규원              ,아나운서라 그런지 성량이 지리네 마이크 오지게 때는부분에 소리 변함이없네 ㄷ ㄷ,391,0
7, ᄋᄒᄌ              ,막힌소리만내다 느닷없이 고음에서 뚫렸다가 다식 막혔다가 반대로내는건또첨보네 저음에서뚤려있다 고음에서 막힌소리내는건봤어도 ㅋㅋㅋㅋㅋ,493,0
8, 스위치              ,형 진짜 생각보다 너무너무 잘 불러서 우와 잘부른다 이러고 있었는데... 그랬는데... 연관영상에 정승환이 부른 말리꽃 있길래 들어가버렸어... 미안해...,4300,0
9, 쵸럥              ,술마시면 정상이 되는 구나,193,0
10, 키아              ,1:47 얼굴은 오만상인데 노래는 잘 올라가고 삑사리 안남ㅋㅋㅋㅋ 뭐지 이 잘부르는 듯한 못부르는 듯한,388,0
11, 에드몽웰즈              ,1:55 함께한다면 이제 갈수있어 이부분 농담 아니고 소리 좋은데??,562,0
12, 홍홍              ,"장성규 아는형님에서 노래하는거 보면 음역대 엄청 높아,,,",270,0
13, 나주배              ,아직 아내는 있고 남편자리는 남아있죠? 성규형... 저는 어때요???,3600,0
14, 부호              ,표정은진지한데 왜 웃긴거냐곸ㅋㅋㅋㅋㅋㅋㅋㅋㅋㅋㅋㅋㅋㅋㅋㅋㅋㄱㅋㄱㅋㅋㄲㅋㄱㅋㄱㄱㄱㄱ아,167,0
15, 풀썬이쵝오              ,아니 도대체 왜 뭘해도 웃긴겨 ㅋㅋㅋㅋㅋㅋㅋ 이쯤되면 그냥 가만히 있어도 웃길듯,316,0
16, sally k              ,처음 마이크 잡은 손가락 너무 곱고 이쁨 ㅠㅠㅠㅠㅠㅠ,191,0
17," 롤,v4,썰방송 하이텐션 방송 안이형TV              ",아 진지한 표정이 왜 웃기는간뎈ㅋㅋㅋㅋㅋㅋㅋㅋㅋㅋㅋㅋㅋㅋ타고났다 정말,407,0
18, 지웅              ,조용히 다음 동영상에 있는 '정승환이 부르는 말리꽃'을 누른다,2900,0
19, 권나윤              ,노래 부르는 스타일이 권혁수같앜ㅋㅋㅋㅋㅋ,145,0
0, 워크맨-Workman              ,"우리 잡것들아,,~~영상에 쪼오오끔,,,문제가~~생겨서리~~~다시올려븐다~!!!!워크맨 기다린,,,잡것들,,,,넘 미안혀~~~!! 본넘들은 다쉬~~보구~~안본넘들은~~ 재밌게봐줘,,~~!!!다신~~ 이런일 없도록,,,,최선을 다헐게~~~!!!! 그리구,,,우리~~~ 잡것들,,을,,,위해서~~!!!9월 29일 일요일 낮 12시에~,,미공개 영상 올라가니께~~~ 딱 기다려,,,~~!!ㅎㅎ",21000,0
1, 장이끼              ,될때까지 한다 방송국 아나운서 체험,20000,0
2, 적영킹              ,초면이야 텐션 미쳤나 ㅋㅋㄱㅋㄱㅋㄱㅋㅋㅋㄱㅋㄱㅋㄱㅋㄱㅋㅋㅋㄱㅋㄲㅋㄱㅋㄱㅋㅋㄲㅋㄱㅋㅋㄲㅋㄱㅋㄱㅋㅋㄱㅋㄲㅋㅋㄱㅋㄱㅋㄱㅋㄱㅋㄱㅋㄲㅋㄱㅋㅋㄱㅋㄱㅋ,5300,0
3, mabel              ,what's up with all the people pooping is this place?? ew lmao,6,0
4, RED              ,사장님 개웃겨 ㅋㅋㅋㅋㅋㅋㅋㅋ덤덤한 표정으로 할 말 다 함ㅋㅋㅋㅋㅋㅋ마지막에 해병대도 개웃기네,2600,0
5, ᄏᄒ              ,이거 다시 올린 이유가 ㅋㅋㅋㅋㅋㅋㅋㅋ 장성규가 테라?인가 다른맥주 좋다고 멘트했는데 바로 카스 모델 되서 지우고 다시올린거에요 ㅋㅋㅋㅋㅋㅋㅋ,2600,0
6, 승연              ,제발 수련회 교관 ㅋㅋㅋㅋㅋ한번만 해주세ㅛ ㅋㅋㅋㅋㅋㅋㅋㅋ 나진짜너무궁굼함 ㅋㅋㅋㅋㅋㅋㅋㅋㅋㅋㅋㅋㅋ캐,4600,0
7, 소피루비              ,술집알바가 ㄹㅇ 시급대비 최악인거같음,2400,0
8, Montana_ Rio              ,아진짜 미쳤낰ㅋㅋㅋㅋㅋㅋㅋㅋㅋㅋㅋㅋㅋㅋㅋㅋㅋㅋㅋㅋㅋㅋ자막센스 진짜 도랏닼ㅋㅋㅋㅋㅋㅋㅋ 인천 바로병원각 오해금지 진짴ㅋㅋㅋㅋㅋ,1600,0
9, songhwanjong              ,사장 성깔있네. 손님들이 저래 만들어놓은듯,1000,0
10, crymtonym              ,와 15년 알바해서 술집이랑 노래방 인수 ㄷㄷㄷㄷㄷ,786,0
11, _ KNCN              ,2019 리와인드에 떠서 왔는데 워크맨을 왜 이제야봤지 진짜 개웃기네ㅋㅋㅋㅋㅋㅋㅋㅋㅋㅋㅋㅋㅋㅋㅋㅋㅋㅋㅋㅋㅋㅋㅋㅋㅋㅋㅋㅋㅋㅋㅋㅋㅋㅋㅋㅋㅋㅋㅋ,6,0
12, 남종연              ,아 ㅋㅋㅋㅋㅋㅋㅋㅋㅋ 해병대보면 일단 놀리고보는건 국룰인갘ㅋㅋㅋㅋㅋㅋㅋㅋㅋㅋㅋㅋㅋㅋ,390,0
13, 쨩현              ,7:33 도대체뭐가ㅋㅋㅋㅋㅋㅋㅋㅋㅋ비슷한뎈ㅋㅋㅋㅋㅋㅋㅋㅋㅋㅋㅋㅋㅋㅋㅋㅋㅋㅋㅋㅋㅋㅋ직원분도 존나능글맞넼ㅋㅋㅋㅋㅋㅋㅋㅋㅋㅋㅋㅋ,918,0
14, Jin Lee              ,아니 사장님 일부러 그러는건 아닌거같은데 덤덤한 표정으로 던지는 멘트 하나하나가 너무 웃김ㅋㅋㅋㅋㅋㅋㅋㅋ,35,0
15, 노잼              ,형 편집자 편집 개잘하는데 편집자 밑에서 일해보는건 어때? ㅋㅋㅋㅋㅋㅋㅋ,8200,0
16, 한은비              ,아닠ㅋㅋㅋㅋㅋㅋㅋㅋ 장성규는 아나운서였던거 맞아?ㅋㅋㅋㅋㅋㅋㅋㅋㅋㅋㅋ태생부터 개그맨ㅋㅋㅋㅋㅋㅋㅋㅋㅋㅋㅋㅋㅋ,413,0
17, 고래등              ,0:35 ㅋㅋㅋ 아니 건축지물 활용하는 거 뭔데 ㅋㅋㅋ,466,0
18, 쪼매야응가하자              ,이번꺼 킬포 왤케 많아ㅋㅋㅋㅋ 선수로 나가는거야? 형 왔으면 얘기를 해야지!! 초면이에요 누나이름 빨강머리앤? 해병대 몇기냨ㅋㅋㅋㅋㅋ,146,0
19, らもゔぃゔぃ              ,11:18 레전드,99,0
0, 워크맨-Workman              ,"🐜🐜워크맨 인력소🐜🐜 워크맨의 리뷰를 원하는 job것이 있다면↓댓글 추천↓ ✔청소.인력.식당.요리.철거.공장.물류 ✔그 외 모든 job것들 ✔200% 부려먹기 가능 ❌장난사절❌ 세상의 모든 job것들을 [워크맨]이 직접 리뷰해드립니다!",5100,0
1, 나간놈정신              ,에뛰드 하우스 알바 가자 성규형 ㅋㅋㅋㅋㅋㅋㅋㅋㅋㅋㅋㅋㅋㅋㅋㅋㅋㅋㅋ 할때까지쓴다,20000,0
2, 대한민국 통계청              ,통계조사일일 알바해주세요~~~~~장성규 보고싶어요!!! \+.+/,9100,0
3, 밀크              ,소유 손잡을 때 짱 싫어햌ㅋㅋㅋ,1000,0
4, ᄒᄒ              ,왜 인턴선배 귀엽다는 말은 없냐,1800,0
5, chanz *              ,민속촌 알바 해주세욤 이놈 아저씨랑 나 잡아봐라 하시는거 보고싶어요!!,1900,0
6, 우유폭탄              ,"방송 현장 스탭들 ""특유 가오 분위기"" 있잖어ㅋㅋ성규형이 함축표현 해줬네 ""방송국 놈들 징하다""",249,0
7, Jason mac              ,촬영장 온갖 갑질 및 무겁고 딱딱한똥군기에 가오충들 넘쳐나는 분위기라는건 어필이 안됐네ㄲㅂ,1000,0
8, rcmexolforever 26              ,When EXO episode will out? We're so excited for it! 🥰🥰 Thank you,5,0
9, 박헌영              ,그러지 말고 EBS 자이언트 펭수 매니져 한번 해보자 ㅋㅋㅋㅋㅋㅋㅋㅋㅋㅋㅋㅋㅋㅋㅋㅋㅋ,1900,0
10, 경기도교육청TV              ,경기도교육청 오시면 유초중고특수 하루에 다 체험 가능합니다 ☆ 일일선생님,9000,0
11, Amanda B              ,I love the PDs and cameramen who laugh every episode :),10,0
12, 장다혜              ,와 무슨 간식도 챙기냐 ㅋㅋㅋㅋㅋ매니저가 하는거 아니였어?????ㅋㅋㅋㅋ,606,0
13, 김기현              ,ㅋㅋㅋㅋㅋㅋㅋㅋㅋㅋㅋㅋㅋㅋㅋㅋㅋㅋㅋㅋ 과자이름으로 드립치는거보솤ㅋㅋㅋㅋㅋㅋㅋㅋㅋㅋㅋㅋㅋㅋㅋㅋㅋㅋㅋㅋㅋㅋ,205,0
14, j l              ,마지막에 성규형 약간 빡친듯 대우가 너무그래서...,254,0
15, RED맨              ,장성규: 아 카메라 있는걸 깜박했어편집자:우리도 편집하는걸 깜박했어???:   우리도 눈을 가리는걸 깜박했어,6500,0
16, 우우우우              ,와 그동안 그러려니 했는데 저쪽은 진짜 일하기싫다 ㅋㅋㅋㅋㅋㅋㅋㅋㅋㅋㅋㅋㅋㅋㅋㅋㅋ,200,0
17, Nour 127              ,Honestly I always wondered how would it feel like to work like that,3,0
18, Shania Kurniawan              ,"better think twice if you only want to work like this because “you can see idols” cuz there is no time to play or fangirling , 100% pure focus on your worked and be professionals",22,0
19, Kim HaeWon              ,이때까지 본 워크맨 중에 제일 스트레스 받는 영상이엇음....아니 저 ㅁㅊ 똥군기 뭐냐고;;;;;;;;장성규씨ㅠㅠㅠ넘ㅠㅠ고생이 많았아요ㅠㅠㅠ,170,0
0, 워크맨-Workman              ,"🐜🐜워크맨 인력소🐜🐜 워크맨의 리뷰를 원하는 job것이 있다면↓댓글 추천↓ ✔청소.인력.식당.요리.철거.공장.물류 ✔그 외 모든 job것들 ✔200% 부려먹기 가능 ❌장난사절❌ 세상의 모든 job것들을 [워크맨]이 직접 리뷰해드립니다!",7600,0
1, 장이끼              ,될 때까지한다 jtbc 아나운서 체험해주세요,23000,0
2, 외방탄안해?              ,와 나 여태까지 유튜브 보면서 저거 골드버튼 받자마자 파괴하는 사람 처음봤다 진짜ㅋㅋㅋㅋㅋㅋㅎㅋㅋㅋㅋㅋㅋㅋㅋㅋㅎㅋㅋㅋㅋㅋㅋㅋㅋㅋㅋㅋㅋㅋㅋㅋㅋㅋㅋㅋㅋㅎㅋㅋㅋ,2000,0
3, JOML조말롱매니저왓구핵커              ,잠보쫄보겁보울보바보↪➡️⤵️⬇️⬅️↩↪➡️⤵️⬇️⬅️↩,1,0
4, 행인              ,편집진짜 ㅋㅋㅋㅋㅋㅋㅋㅋㅋㅋㅋ그러시면 안됩니다 ㅋㅋㅋㅋㅋㅋㅋㅋㅋㅋ여기직원일 뿐입니닼ㅋㅋㅋㅋㅋㅋㅋㅋㅋㅋㅋㅋㅋㅋㅋㅋㅋㅋㅋㅋㅋㅋㅋㅋㅋㅋㅋㅋㅋㅋㅋㅋㅋ,3400,0
5, Amber Rodriguez              ,he’s the first guy that I’ve seen to peel apart the gold button 😂😂😂God dsmn 10:00,42,0
6, 12 xorm              ,장성규 땜에 골드버튼이 골드가 아닌걸 알았다ㅋㅋㅋ,2400,0
7, swimmingmintinyoutub              ,"헐, 양면테잎으로 붙여놨데 ㅋㅋㅋㅋㅋ 돈많은 유툽 돈좀 쓰지 ㅋ",13,0
8, 쪼 쪼              ,난 저 초딩이 존나 웃긴뎈ㅋㅋㅋㅋㅋㅋㅋㅋ앜ㅋㅋㅋㅋㅋㅋㅋㅋㅋㅋㅋㅋㅌㅋㅋ 귀엽다,2200,0
9, 진성민              ,ㅋㅋㅋㅋㅋ 몇십번보면서 3:21초에 ㅆㅂㅅㄲ야 하는거 처음들엇다 ㅋㅋㅋㅋㅋㅋㅋㅋㅋㅋㅋㅋㅋ 왜욕한거야 ㅋㅋㅋㅋㅋㅋㅋㅋㅋㅋㅋㅋㅋㅋㅋㅋㅋㅋ,1600,0
10, KT - 케이티              ,"1:20 고객님,, 방갑습니다,,👍👍(흔들흔들)",6100,0
11, 글로벌이슈              ,"아니 저 초등학생 친구 떡잎이 다른데,,",829,0
12, 젤빠른뒷북러              ,8:00 대가리 박아요ㅋㅋㅋㅋ 좋은 목소리로 대가리 박으래 ㅋㅋㅋ,430,0
13, 수은언니세계최고              ,그러시면 안됩니다. 직원일뿐입니다. ㅋㄱㅋㄱㅋㄱㅋㄱㄱㅋㄱㅋㄱㅋㄱㅋㄱㄱㅋㄱㅋㄱㅋㄱㅋㄱㅋㄱㅋㅋㄱㄱㅋㄱㅋㄱㅋㄱㅋㅋㄱㅋㅋ웃겨서 숨안쉬어짐 편집 돌았냐고 ㅋㄱㅋㄱㅋㄹㅋㄹㄱㅋㄱㅋㄱㅋㅅㅋㅅㅋㅋ,607,0
14, Mint Hunter              ,에버랜드 알바 극혐이네 ㅋㅋㅋㅋㅋ  저돈 받고 어케 하냐...ㅎㄷㄷㄷ근데 에버랜드 알바하면서 그 와중에도 그 안에서 커플 생기는게 신기하다 ㅋㅋㅋㅋ,475,0
15, MinJy Son              ,남들 다 귀하게 대하는 실버랑 골드버튼 물어버리고 찢는사람은 장성규밖에없을듯ㅋㅋㅋㅋㅋㅋㅋㅋㅋㅋㅋㅋㅋㅋㅋㅋㅋㅋㅋㅋㅋㅋ,8900,0
16, 박지원              ,8:24 목소리 ㅁㅊ ㅋㅋㅋㅋㅋ,875,0
17, 김동현              ,4분 19초 ㅋㅋㅋㅋㅋㅋ 전역을 저녁으로 들은 여자분 ㅋㅋㅋㅋㅋㅋ,110,0
18, Nurul Fitriasari              ,"ah now I remember, the producer at 5:08 is PD Donghwan who used to work on a variety show running man if I'm not mistaken I saw him in 2008-2009, glad to see him again :)",14,0
19, 빼애애애애애ᅢ애애앵              ,1:48 ㅅㅂ 이거 보고 배 찢어들이 웃었넼ㅋㅋㅋㅋㅋㅋㅋㅋㅋㅋㅋ,462,0
0, 워크맨-Workman              ,"🐜🐜워크맨 인력소🐜🐜 워크맨의 리뷰를 원하는 job것이 있다면↓댓글 추천↓ ✔청소.인력.식당.요리.철거.공장.물류 ✔그 외 모든 job것들 ✔200% 부려먹기 가능 ❌장난사절❌ 세상의 모든 job것들을 [워크맨]이 직접 리뷰해드립니다!",6000,0
1, 이윤              ,JTBC 아나운서 체험해주세요 ㅋㅋㅋ,24000,0
2, 별우유              ,11:31 자막으로 넥슨캐쉬 쿠폰번호 다 알려줰ㅋㅋㅋㅋㅋㅋㅋㅋㅋㅋㅋㅋㅋㅋㅋㅋㅋㅋㅋㅋㅋㅋㅋ편집자미쳤ㅋㅋㅋㅋㅋㅋ,3500,0
3, 밤도리              ,조금~ 조금래 선배님 ㅋㅋㅋㅋㅋㅋ 이어가기 무엇 ㅋㅋㅋㅋ돈은 받아야지 ㅄㅇ ㅋㅋㅋㅋㅋㅋㅋㅋㅋㅋㅋㅋㅋㅋㅋㅋㅋㅋ퇴사자 선발 대회 ㅋㅋㅋㅋㅋㅋㅋㅋㅋㅋㅋㅋㅋㅋㅋㅋㅋㅋ,2400,0
4, Hard Heart              ,Workman for me is a healing programme. The team really made my day better everytime i watch new episode.,33,0
5, 김도현              ,가운데 앉아계신 분은 거의 모든 게임 중계하시지 않나??피파도 저분이 중계하시자낰ㅋㅋㅋㅋㅋㅋㅋㅋㅋㅋㅋㅋ,4,0
6, 태태              ,"아나운서 출신이고 말빨도 되니까 상담원 어때요 ? 욕도 좀 먹으면서 ,,, 욕도 같이 하고 ,,",12000,0
7, asdf1313              ,10:17 그와중에 칼 솜씨 겁나 멋진거 무엇? ㅋㅋㅋㅋㅋ 리얼 화려한데???,837,0
8, you예뻐              ,아니 ㅋㅋㅋㅋㅋㅋㅋㅋ장성규는 못하는게 뭐야 ㅋㅋㅋㅋㅋㅋㅋㅋㅋㅋㅋㅋㅋㅋㅋㅋㅋㅋㅋㅋㅋㅋㅋㅋㅋㅋㅋㅋ겜도 잘해 ㅋㅋ,0,0
9, 한연호              ,진짜..연예인 유튭이 이케 재미진거 첨본다..우리집에 고추 따러온나..,389,0
10, 마동석              ,6:00 돈 받아야지 ㅂㅅㅇ ㅋㅋㅋㅋㅋㅋㅋㅋㅋㅋㅋㅋㅋㅋㅋㅋㅋㅋㅋㅋㅋㅋㅋㅋㅋㅋㅋㅋㅋㅋㅋㅋㅋㅋㅋㅋㅋㅋ,446,0
11, 安ヌリ              ,"농담이 아니라 현재 한국에서 방송 되는 공영채널, 종편채널, 유투브 등 다 포함해서 제일 재밌음. 진심임.",5400,0
12, Yoonmi Park              ,장성규도 미쳤는데 넥슨 직원들도 포인트를 좀 아는거 같음 ㅋㅋㅋ,500,0
13, 내가왜좋아요              ,6:14 ㅆㅂㅋㅋㅋㅋ말하는거랑브금이랑왜맞냐랩하는줄ㅠㅠ,458,0
14, TROIS UnDeux              ,퇴살자 선발대회도 어이터지는데 실제 해설자 등장하는게 더 어이터지네ㅋㅋㅋㅋㅋㅋㅋㅋㅋㅋㅋㅋㅋㅋㅋㅋㅋㅋㅋㅋㅋ,0,0
15, 김지민              ,6:18 6:23 아니ㅋㅋㅋㅋ 대체 뭘 먹는거야ㅋㅋㅋㅋㅋㅋㅋㅋㅋㅋㅋ,267,0
16, 한남영              ,다 좋지만 오늘도 에뛰드 존버합니다,10000,0
17, 박세리              ,조곤조곤 또박하고 좋은 목소리로 선 넘는 드립치는거 개좋네 ㅋㅋㅋㅋ,389,0
18, 농대생              ,출퇴근 시간 정해져있지 않고 주 40시간만 채우면 된다 괜찮은데 넥슨 케시 월 3만원주고 포인트 250만원 괜찮은데,33,0
19, 맘병통치              ,2:03 네이버직원이죠2:14 놀고있네2:34 하늘에 계세요?4:24 선배님 안녕하세요5:22 예쁘게해야지 바보야5:56 돈받아야지ㅂ ㅅ ㅇ6:48 이번에 지면 퇴사하기9:10 가져가 그지ㅅㄲ등등 킬포 너무많다 진짜 ㅋㅋㅋㅋㅋㅋㅋㅋㅋㅋㅋㅋㅋㅋㅋㅋㅋㅋㅋㅋㅋㅋㅋㅋㅋㅋㅋㅋㅋㅋㅋㅋㅋㅋㅋㅋㅋㅋㅋㅋㅋㅋㅋㅋㅋㅋㅋㅋㅋㅋㅋㅋ막판에 게임에 미쳐버려요 ㅋㅋㅋㅋㅋㅋㅋ,654,0
0, 워크맨-Workman              ,"🐜🐜워크맨 인력소🐜🐜 워크맨의 리뷰를 원하는 job것이 있다면↓댓글 추천↓ ✔청소.인력.식당.요리.철거.공장.물류 ✔그 외 모든 job것들 ✔200% 부려먹기 가능 ❌장난사절❌ 세상의 모든 job것들을 [워크맨]이 직접 리뷰해드립니다!",5000,0
1, H H              ,"이번 GS25 브랜디드 컨텐츠 제작 관련 모든 담당자분 모니터링하시리라 생각하며 이번 영상에 대해 개인적인 리뷰 남기겠습니다. 몇 직영 점포의 경우 본사 직원이 직접 나와서 일하는 게 팩트라 하더라도 대중에게는 편의점 직원은 최저 시급 받는 ㄹㅇ 알바생들이란 인식이 있습니다. 그런데 ㄹㅇ 알바생들은 찔끔찔끔 나오고 본사 직원이 영상의 메인을 차지해서 당황스러운 가운데, 10분 이내의 영상에 GS편의점 측이 홍보하고 싶은 온갖 요소(배달앱/나만의냉장고/치킨/택배서비스/메뉴꿀조합/유통기한엄격검사)를 다 넣으셨지요. 개인적으로 영상 내 ""CU"" 언급하는 부분도 부자연스럽고요. 이러한 점들이 기존의 워크맨 영상들과 결이 달라 이질적으로 느껴지고, 이에 시청자들이 본사 개입 또는 과도한 연출이라며 부정적으로 반응하는 것으로 생각합니다.원래 워크맨 영상의 묘미는 직업 체험처럼 생생한 현장 근무라고 생각합니다. 시청자들은 워크맨 영상 제작 시 브랜드와 유가 콜라보 또는 협조하에 촬영할 거라는 건  암묵적으로 알고 있습니다. 비록 브랜드가 다 노출될지어도 영상 내 형식이나 내용은 자유롭다 느껴져 재미있게 감상했습니다. 하지만 이번 건 GS 편의점 측이 좀 과도하게 욕심을 부린 것 같아요. 비용만큼 홍보 효과를 누리고 싶으셨을 텐데 워크맨의 고유한 매력을 잘 활용하지 못해 안타깝네요. 혹시라도 '아니 우리 영상이랑 이전 영상들이랑 뭐가 다른데?!' 싶으시면 20대 극 초반 인턴한테 물어보세요 ㅎㅎ+) 와우 대댓글로 많이 공감해주시고 다양한 의견 남겨주셔서 감사합니다! 평소 디지털마케팅 및 뉴미디어 업계에 관심이 매우 많고, 워크맨 영상도 빠짐없이 봐온 터라 애정을 갖고 리뷰 남기게 됐어요. 이 영상을 교훈으로 삼아서 워크맨과 광고주, 시청자 모두 즐거울 수 있는 균형 잡힌 영상이 나왔으면 좋겠습니다! 그럴려면 우선 광고주님들께서 우리 워크맨 제작진 분들을 전적으로 믿어주십사..^^!! (욕심부리지 마시고..) 아무쪼록 워크맨 제작진 여러분들 노고가 많으실 텐데 화이팅 하시고, 구독자 여러분들도 좋은 주말 되세요 :)",3100,0
2, 장태준              ,미친 출연자와 미친 편집자가 만나면 이런 영상이 만들어지는구나 ㅋㅋㅋㅋ 진짜 역대급이다 ㅋㅋㅋㅋㅋㅋㅋㅋㅋㅋㅋㅋㅋㅋ,2900,0
3, 언제부터              ,와 6시간 일한 거를 9분대로 요약해서 편집한거야?? 진짜 미친 편집력에 극찬을 보낸다 진짜로 와 ...,1000,0
4, 예진              ,워크맨 보고 난 후로 요새 예능 다 다큐로밖에 안보임,1800,0
5, 강수호              ,저희 학교 학생부 선생님 해주세요. 아침 등교 생활지도부터 시작해주세요. 기왕이면 비오는 날이요. 대혼란 파티 예약입니다.,3900,0
6, 봄꽃이요              ,에뛰드하우스!!!!  공주님들 반겨주셔야죠^^,12000,0
7, 아침인사              ,새우탕 없는거 좀있다가 채워져 있음ㅋㅋㅋㅋㅋㅋㅋㅋㅋㅋㅋㅋㅋㅋㅋㅋㅋㅋㅋㅋㅋㅋㅋㅋㅋㅋㅋㅋㅋ,895,0
8, 김정민              ,근데 이 영상이 지에스 홍보라기 보다는 지에스 알바하면 진짜 알아야할것들 간략하게 보여준거 맞음...(현 지에스 알바생),1100,0
9, LANGE라넥              ,저긴 편의점이 커서 그런지 단체활동하는 편의점은 첨 봤네...ㄷㄷ,313,0
10, 탈다림광신도              ,폐기 못 먹게 하는 편의점에서 근무 하는 알바는 편돌이라 부를 수 없다,370,0
11, Jolly Chon              ,택배상하차 안하는이유:일만 미친듯이 시켜서 농담하고 그런분량뽑기 힘듬/밥상태 차마못찍음/ 씹노잼될 확률 높음이상 뇌피셜,4200,0
12, ᄋᄆᄋᄋᄉᄋ              ,씨유 미쳤나밬ㅋㅋㅋㅋㅋㅋㅋㅋㅋㅋㅋㅋㅋㅋㅋㅋㅋㅋㅋㅋㅋㅋㅋㅋㅋㅋㅋ,178,0
13, 려슬              ,이제 에뛰드 알바도 하시면 성규님이 “ 와 ! 드디어 에뛰드 하는구나 ! “ 하시면 웃길거 같아요 ㅋㅋㅋㅋㅋㅋㅋㅋㅋㅋㅋㅋ 벌써 웃겨요 ㅋㅋㅋㅋㅋㅋㅋㅋㅋㅋㅋㅋㅋㅋ,332,0
14, 신현도              ,편의점직원들 명찰보면 누가 알바생이고 누가 직영직원인지 알수 있음ㅋㅋ알바생은 이름만 있는 명찰이고직영직원은 사원증 착용함,104,0
15, classic Cruiserweight              ,GS홍보 영상이라고 이런거 원한거 아니라고 좋아요 2만개넘개 찍혓던 댓글들 어디갓냐 댓글이 많아서 묻힌거냐 아님 지운거냐,547,0
16, GS25              ,안녕하세요 GS25입니다. 감사합니다 또 오세요😎 꼭이요.,3100,0
17, Auralia Agustin              ,Its not easy to doing this job...Annyeong from INDONESIA..i love this channel ❤️❤️❤️,0,0
18, 쑤님이              ,먹튀하는거 한 20번 돌려봣네 앜ㅋㅋㅋㅋㅋㅋㅋㅋㅋㅋㅋㅋㅋㅋㅋㅋㅋㅋㅋㅋㅋㅋㅋㅋㅋㅋㅋㅋㅋㅋㅋㅋ표정봐,202,0
19, 물망초김              ,워크맨 안본 사람은 있어도  한번 본 사람은 없다. 애청자입니다~~~,101,0
0, 워크맨-Workman              ,"🐜🐜워크맨 인력소🐜🐜워크맨의 리뷰를 원하는 job것이 있다면↓댓글 추천↓✔청소.인력.식당.요리.철거.공장.물류✔그 외 모든 job것들✔200% 부려먹기 가능 ❌장난사절❌세상의 모든 job것들을 [워크맨]이 직접 리뷰해드립니다!",6400,0
1, 아이린              ,공듀님 옷입고 에뛰드 알바해주세욤ㅠㅠ,19000,0
2, snow              ,i click the one that have suho and end up watching all of his videos 😂,20,0
3, SliceOfPotato              ,LMAO whe they ditched him when he thiught he will be the stewardress,53,0
4, 다니              ,와 진짜 말아슬아슬하게한다 장성규라서 가능한말들인거같다저런거보고 배워서 활용하는사람들생길까봐 무섭네요 ㅋㅋㅋㅋㅋㅋ장성규여서가능한거니 현실에선 따라하지마시길뭘해도용서가되는사람이잇고 안되는사람이 잇는법이니,2400,0
5, 호로록              ,가끔씩 아나운서톤으로 멘트 읽을때 설레고 가끔씹 잘생겨 보여서 열받음.....ㅜㅜㅋㅋㅋㅋㅋㅋㅋㅋㅋㅋㅋㅋㅋㅋㅋㅋㅋㅋㅋ,1900,0
6, weour sdfouzv              ,"알바 컨텐츠인데 일 제대로 안한다고 뭐라하시는 분들 많은데, 기본적으로 출연자가 체험해본다는 취지도 있지만 사람들이 경험해보지 못한 다양한 직업을 소개하는 취지가 우선인 거 같아요. 그리고 그 직업종사자의 서비스를 제공받는 사람들을 인터뷰하는 것도 당연히 포함될 만한 컨텐츠인 거 같구요. 원래 제일 재밌는 게 사람구경이라고 하잖아요. 좀 너그러이 즐기면 좋을 거 같네요. ㅎㅎ",1500,0
7, LEOD vik              ,8:49 커플이세요? 하니까 바로 손잡앜ㅋㅋㅋㅋㅋ 방송을 아넼ㅋㅋㅋㅋㅋㅋ,1600,0
8, 유성화              ,7:35 아니 여기서 왜 아마존 하는지 웃겨서 궁금하지도 않았는데 바닥이ㅋㅋㅋㅋㅋㅋㅌㅋㅋㅋㅋㄲㅋ,214,0
9, Why so serious              ,난 개인적으로 이번 항공사편이 젤 재밌음 ㅋㅋㅋㅋㅋ 나만그런게아니라 조회수가 말해줌 ㅋㅋㅋ우리 나중에 현피떠요~19금..? 여기 밥말고 또 뭐해요..?드립 많이 터진듯 ㅋㅋㅋ,709,0
10, sukumi              ,no one: literally no one: jang sung kyu: aRe YoU a CoUpLe,29,0
11, 강한빛              ,장성규님 제발 구설수나 이상한 일에 연루되지않으셨으면 합니다 워크맨 영원히 보고싶어요,8800,0
12, 응애              ,6:25 ㅅㅂ 설마 이거 입대 드립이냩ㅋㅋㅋㅋㅋㅋㅋㅋㅋㅋㅋㄹㅇ 입👄 대 ㅋㅋㅋㅋ,869,0
13, 마음가짐              ,ㅋㅋㅋㅋㅋㅋㅋㅋㅋㅋㅋㅋㅋㅋㅋㅋㅋㅋㅋㅋㅋㅋㅋ아진짜 아마존하는거 도망가는데 뒤에 다 젖어요~ 실룩실룩하는거 쌉웃기네,840,0
14, 게임은못해도 배정민은좋다              ,8:35 와 역시 아나운서 짬밥이여서 그런지 뭔가 다르네 순간멋있었다,779,0
15, 별풍              ,저 사수님 별일 아닌거 심각하게 말하는거 존나 웃기네,331,0
16, 권근우              ,워크맨 보다보면 공중파가 왜 망해가는지 알 것 같음. 왜 유튜브에 사람들이 몰리는지 알것같다,4900,0
17, 박웅석              ,드립력으로 여까지 왔구나.. 왔썹맨 백종원까지 따라잡다니..역시 21세기는 어떤 재능이 성공의 키가 될지 모르는 세상이네..ㅎㅎ,228,0
18, 새개              ,정보) 장성규 지인중 햄버거 던진다는 사람은 키즈카페 알바에서 만난 애 엄마 인터뷰할때 나온 사람이다.,322,0
19, Jhordz Xylenx              ,this is so good 100% dope got English subtitle \m/,21,0
0, 워크맨-Workman              ,"🐜🐜워크맨 인력소🐜🐜워크맨의 리뷰를 원하는 job것이 있다면↓댓글 추천↓✔청소.인력.식당.요리.철거.공장.물류✔그 외 모든 job것들✔200% 부려먹기 가능 ❌장난사절❌세상의 모든 job것들을 [워크맨]이 직접 리뷰해드립니다!",10000,0
1, 슈팅슈가              ,한국 민속촌알바 해주세여,24000,0
2, Jin ah Lee              ,약간 도를 넘을듯 말듯 하는 그런 말투가 너무 웃김ㅋㅋㅌㅋㅋㅋㅋㅋㅋㅋㅋㅋㅋㅋㅋㅋㅋㅋㅋㅋㅋㅋㅋㅋ ㅋㅋㅋㅋㅋㅋㅋㅋㅋㅋㅋㅋㅋㅋ ㅋㅋㅋㅋㅋㅋ ㅋㅋㅋㅋㅋㅋㅋ ㅋㅋㅋㅋㅋㅋㅋㅋㅋㅋㅋㅋㅋㅋㅋㅋㅋㅋㅋㅋ 딱 그 선에서 알짱거리는 느낌...,2400,0
3, 손시현              ,한국인들만 보는데 천만 실화냐고 ㅋㅋㅋㅋㅋㅋㅋㅋ,2100,0
4, Idayra Rivera              ,I legit was cracking up so hard when they were dancing and that one guy jumped on the pole and struck a pose... 🤣,5,0
5, 걸림암              ,2:25 Souvenir,491,0
6, 비은              ,조회수 천만 도랏나ㅋㅋㅋㅋㅋㅋㅋㅋㅌㅌㅋㅋㅌ아이돌 뮤비를 능가하네...,9600,0
7, santiago murillo              ,"alguien habla español, no creo",6,0
8, P PP              ,아니 손녀분한테 물어봤는데 할머니께서 대답하시는거 개웃기넼ㅋㅋㅋㅋㅋㅋㅋㅋㅋㅋㅋㅋㅋㅋㅋㅋㅋㅋㅋㅋㅋㅋㅋㅋㅋㅋ,2800,0
9, Sia              ,하도 많이봐서 윤쭈꾸씨랑 내적 친밀감 형성 완료...,2200,0
10, 열음              ,롯데월드는 알바가 이만큼 텐션이 좋지않음 솔직히 알바 리액션은 에버랜드가 짱이다 ㅋㅋㅋㅋㅋㅋㅋ,1000,0
11, 쏘왓              ,수련관 교관 알바해주세요 이왕이면 초딩들 담당으로... 환멸모먼트 보고싶음ㅋㅋㅋㅋㅋㅋ 아니면 레크레이션 강사해서 미친텐션을 발휘해주세요,13000,0
12, 규뫔좡              ,애기들한테 물어보는데 대답은 어른들이함ㅋㅋㅋㅋㅋ,542,0
13, jd k              ,콜센터알바해주세요얼굴안보고일하는거라 말한마디에큰쌈나는데.. 진상들 퇴치?방법 성규님께 배우고싶어요,884,0
14, stark tony              ,쭈꾸미 선배님 흥 클라스가 남다르다 싶었는데 CF 찍으심 ㅋㅋㅋㅋ,123,0
15, Daniel Gaming Indo              ,Congrats Work Man You're in Youtube Rewind 2019,23,0
16, Pyo jung soo Pyo              ,뭔가.. 에버랜드 알바는 인싸들만 해야할 것 같다.ㅋ,586,0
17, Soomin Lee              ,윤쭈꾸 성공했다맘스터치 광고도 찍네수정:좋아요 58개 감사합니다,60,0
18, JIHYE LEE              ,이게 그 유명한 한번도 안본 사람은 있어도 한번만 본사람은 없다던  전설에 영상인가요,186,0
19, 해가림              ,5:29자막 speechless미쳤나 개쳐웃기넼ㅋㅋㅋㅋㅋㅋㅋㅋㅋㅋㅋㅋ큐ㅠㅠㅠㅠㅠㅠㅠㅠㅠㅠㅠㅠㅠㅠㅠㅠㅠㅠㅍㅍㅍㅍㅋㅍㅋ퓨큨큐큐ㅠ큐ㅠㅠㅠㅠ,313,0
0, 워크맨-Workman              ,"🐜🐜워크맨 인력소🐜🐜워크맨의 리뷰를 원하는 job것이 있다면↓댓글 추천↓✔청소.인력.식당.요리.철거.공장.물류✔그 외 모든 job것들✔200% 부려먹기 가능 ❌장난사절❌세상의 모든 job것들을 [워크맨]이 직접 리뷰해드립니다!",4700,0
1, 김하연              ,에뛰드알바 제발요 ㅋㅋㅋㅋㅋㅋㅋㅋㅋㅋ 공쥬님 어서오세요~~~~ㅋㅋㅋㄱㅋㄱㅋㄱㅋㅋ,26000,0
2, 김설찬              ,"6:04 주방 업무자는 모든 악세사리 착용 금지""반지도 빼셔야 돼요""""나 한 번도 뺀 적 없는데""""그래도 빼셔야 돼요""""고마워""이게 뭐야ㅋㅋㅋㅋㅋㅋㅋㅋㅋㅋㅋㅋㅋㅋㅋㅋㅋㅋㅋㅋㅋㅋㅋㅋㅋㅋㅋㅋㅋㅋㅋㅋㅋㅋㅋ",2700,0
3, Kela12              ,2:10 So you mean to tell me every Domino’s around the world do that same cheer before making pizza’s? That’s awesome! Lol,4,0
4, D Y              ,2:50  저여자분이 처음왔을때 문여는법을 몰랐던거아님?ㅋㅋㅋㅋㅋㅋ진짜 개웃기네,2800,0
5, 에잇에잇              ,5:17 얼음에 사이다 탄거 아니냐규 해야되는거 아님?ㅋㅋㅋㅋㅋㅋㅋㅋㅋ,2400,0
6, 밍구리              ,박유천인거 알고 무릎에 손 닦는거 봐ㅋㅋㅋㅋㅋㅋㅋㅋㅋㅋ 개터짐,8100,0
7, U rookie              ,와 배달료를 2천원3천원씩 받아먹으면서 정작 배달부한태는 400원 와!!,919,0
8, 도다리              ,진짜 김남주 닮았네이쁘시다,102,0
9, 조선호랑이              ,볼 때마다 느끼는데 편집을 참 잘하셔.... 솔직히 약간 과한 모습도 보이실 때가 있는데 편집이 참 적절히 잘 살리고 끊는 것 같아요,842,0
10, 설띵충              ,"1:18  도미노피자 주사위가 3을 나타내는 이유는최초 체인점이 미국에서 3개만존재 그 중, 2개는 한주에 다른하나는 그 옆주 에 1개",136,0
11, DolceLatte              ,이 채널보면 지상파가 왜 하락세인지 알겠다ㅋㅋ 텐션이 저세상이네ㅋㅋㅋㅋ,4400,0
12, Front Line              ,I freaking laughed at the wedding ring,14,0
13, Sir Molo              ,"New subscriber niceee , editing soo good like wassup man. Recommended from YouTube",10,0
14, 고기만두              ,2:53 “오” ㅋㅋㄱㅋㄱㅋㄱㅋ너무 웃겨진짴ㅋㅋㄲㅋㅋㄱㅋ이것만 계속 생각낰ㅋㅋㄱㅋㄱㅋㅋㅋㅋ문열었더니 오 랰ㅋㅋㄱㅋㄱㅋㄱㅋㄱㅋㅋㅋㅋㅋ얼마나바보로안거옄ㅋㅋㅋㅋㅋ,277,0
15, 꿈님별님              ,04:12 부터 개웃겨서 계속 돌려봤넼ㅋㅋㅋㅋ 진짜 탈쓴거 아니냐고 초면에 싸대기 때리는거 실화냐 ㅋㅋㅋㅋㅋ 개웃곀ㅋㅋㅋㅋㅋㅋㅋ 진짜 도랏,677,0
16, 찌니슥              ,ㅋㅋㅋㅋ친화력 졸라 만랩이야 ㅋㅋㅋㅋㅋ ㅋㅋㅋㅋㅋㅋㅋ배달 늦어서 혼나는데 전혀 기안죽고 또늦음 ㅋㅋㅋㅋㅋ,3500,0
17, 희사              ,"Domino's CHEER!Domino!Ya!(박수 4회)Who are we?No.1Domino's pizza!What' our goal?Sell more pizza,Have more Fun!(2회)Ya!가 화이팅^^",3,0
18, 효나르              ,ㅋㅋㅋ 진짜 다 밝고 너무 즐거워보임 내 회사생활이랑 천지차이네 휴 ...,119,0
19, 목표:구독자1000명찍기              ,진짜 장성규의 드립을 칠수있는사람은 언제쯤 나올까..,137,0
0, 워크맨-Workman              ,"🐜🐜워크맨 인력소🐜🐜워크맨의 리뷰를 원하는 job것이 있다면↓댓글 추천↓✔청소.인력.식당.요리.철거.공장.물류✔그 외 모든 job것들✔200% 부려먹기 가능 ❌장난사절❌세상의 모든 job것들을 [워크맨]이 직접 리뷰해드립니다!",4500,0
1, 김댕댕              ,증권가놈들 엘베좀 쓰게해줘라보안문제면 아예 입장자체를 막던지..입장은 하게 해주면서 엘리베이터는 못타게하는건 뭔 심보야,8000,0
2, Rod              ,와 장성규 개웃기네 ㅋㅋㅋ 프리선언한 아나운서중에 이렇게 아무렇지 않게 다시 회사로 들어가서 저런거 찍을사람 장성규 뿐일듯 ㅋㅋㅋ,8600,0
3, 오꾸리여사              ,이영상 보고 저랑 어머니는 속이터져서 울고 또 울었습니다 굉장히 유쾌하고 재밌는데 취지도 좋은데 저희 어머니도 풀무원에서 모닝스텝으로 10년을 넘게 일했는데 고객을 늘리라는 대리점의 압박으로 새벽3시 4시 결국 1시에 출근하고 하다 지주막하출혈로 쓰러져서 산재도 퇴직금도 못받았어요... 더이상 이런 영상을 하하호호 웃으며 볼 수 없음이 속상하고 억울하네요...,4400,0
4, MS J              ,영업관리직 출신으로써 저 아주머니는 자사에 대한 자부심이나 충성심이 느껴진다.. 회사에서 더 좋은 대우를 해줫으면..,5000,0
5, 강원도 - Gangwon              ,강원도청에도 일자리가 있습니다만... 한 번 와주시겠습니까? 선배님이 되고 싶습니다.,11000,0
6, 김재영              ,증권회사들 ㅋㅋㅋ 왜 엘베도 못타게 해 ㅋㅋ 여의도 그 높은 건물들을 어떻게 걸어가라고 ㅋㅋㅋㅋ쒯,4200,0
7, 홈스타일쿠킹              ,여태본 유튜브중에 최고다... 솔직히 워크맨전에는 온니 왓썹이엇는데... 워크맨은..한영상에 보통 5번이상웃네;; 요즘 예능보다 낫다..,4700,0
8, 몽이누나              ,녹즙여사님 잼있으시다ㅋㅋㅋㅋㅋㅋㅋ개나소나 다 반긴데ㅋㅋㅋㅋㅋㅋ,1500,0
9, 완두콩              ,증권가들 보안상 안되면 그냥 지들이 가져다 먹으라 그래 1층에 배달해주고,895,0
10, Yh J              ,에뛰드에서 핑크앞지마 매고 공주처럼 화장품 팔기,28000,0
11, sun J              ,으악ㅋㅋ '시간이 너무 지체됐으니까~' '어엇 선배님!!' 여기 너무 그대로 문닫기는거 뿜ㅋㅋㅋㅋ,2100,0
12, naicram 88              ,glad to see dongwan pd the unofficial member of old runningman..,5,0
13, 이난호              ,와 퇴사 하고 간건데두넉살 짱이네 저런 오지랖성격 부럽다타 방송국에 비해 오픈마인드네 jtbc,827,0
14, d dkl              ,아닠ㅋㅋㅋ 퇴사자한테 너무 자연스럽개 건네주는거 아니냐곸ㅋㅋㅋㅋㅋ,525,0
15, 로옹              ,증권가 엘레베이터 쓰게 해줘라...,11000,0
16, 하여름              ,이진아 냠냠냠 따라하는것도 웃겨죽겠네 ㅋㅋㅋㅋㅋㅋㅋㅋ 아니 9분짜리 영상에 킬포가 왜이리 많아욬ㅋㅋㅋㅋㅋㅋ,290,0
17, JJWSVTK abi              ,"7:57 they really yeeted themselves out of there, I.can.not💀",9,0
18, 최지호              ,이게 바로 서민을 위한 방송이네 고충 노고 다 들어있고 갑을 위치에서 인간에 대한 올바른 매너를 한번쯤 생각해 보기 하고 십여년 전 체험삶의현장 이후로 참 괜찮은 예능이네요,80,0
19, 정성엽              ,정말 신기하네요!미용실 편에서 “내가 섰지롱” 자막이 딱 이상해보였는데장성규님이 직접 쓰신거였군요! ㅋㅋㅋㅋ,160,0
0, 워크맨-Workman              ,"🎊워크맨 인력소 구독자 팬네임 당첨자 공지🎊잡것들아~~!!! 인력소장이다😎😎😎!!!ㅋㅋㅋ 고 채널에 고 구독자들이고만~~!!ㅎㅎ 많이 참여해줘서 너어어무~~고마워어어~!!!!ㅋ그 뭐시기~~,,작지만 소중헌~!!! '리미티트 에디션 워크맨 수건' 보내줄터니까~~!! 이름 잘 확인하고들~,,,!!! [당첨자] 총 48분 @유튜브닉네임** ~7/30(화)까지 '잡것' 혹은 '잡(job)것'이라고 댓글로 '추천'해주신 분들에 한합니다. @박종화@연우@뿌뿌@꾸륵 @참깨빵위에순쇠고기패티두장@권영진@안정현@아니야응@루하꽃@ri ra@ㅋㅋ@빌런아무말@YongJin Song@일조금하고돈많이벌기@최민서@ᄋᄋ갱생불가엠생@은미@윤형일@periagōgē@정하나@오수민@뻐끔이@게맛을알아@jiji soon@피터TV Peter &@김카정@강민수@윤수혁@Kan S@김소윤@오현@치토스우훗@윤형일@도아군@보라곤듀@이진원@gi-beom Kim@남은숙@eddy 1101@투진원@정우빈@AE MI YA GOOK E JJA DA@에바임@오진영@이홍주@박미래@최형규@Movie/IT/Music/Cat● 당첨자분들은 2019년 8/7(수)까지 jjangtbc.jtbc@gmail.com로 [이벤트명 (워크맨 펜네임 이벤트) / 유튜브 닉네임 / 이름 / 핸드폰 번호/ 경품 발송지(우편번호 포함) / 경품 수령을 위한 개인정보활용 동의 문구 (ex-동의합니다)]를 보내주세요.● 이벤트 참여 댓글이 삭제 혹은 수정되거나, 기한 내 정보가 도착하지 않을 시에는 당첨이 자동으로 취소됩니다.● 개인 정보는 경품 발송 용도로만 사용되며 (개인정보는 경품 수령 이후 1개월 후 삭제) 정보 오기재, 받으시는 분의 부주의로 인해 반송된 경품은 재발송이 불가합니다.",3400,0
1, 오단비              ,바꾸지마요 대충 지은거같고 좋음,4200,0
2, 99드라이버              ,"이름으로 빛날 팔자는 없다.유명해서 이름이 빛나는거다.""워크맨"" 이대로 ㄱㄱ",2100,0
3, tv승훈이의 대환장파티              ,잡(job)것들이 이 영상을 좋아합니다,1100,0
4, 채리              ,아..잡것들이 펜네임이였구나ㅋㅋㅋㅋㅋㅋ다른걸 먼저봐서 이제 알았네,313,0
5, 장세민              ,와 드디어 에버랜드ㅋㅋㅋ 예고에서 소름,6800,0
6, Erwin Rommel 2.0              ,Clearly somethings get lost in translation *cough*foot job,3,0
7, 감사합니다              ,더운 8월  쿠팡물류센터 알바 강추합니다. 진짜  무조건 백만 바로가요.,926,0
8, ss sooo              ,바꿀거였으면 구독자 5만 쯤에 바꿨어야함 10만 넘으면 이미 한참 늦음.,363,0
9, EOYIK              ,뭐 워크맨 치면 소니 워크맨 별로 나오지도 않는구만. 다 '장성규의 워크맨'만 나오는구만. 이미 굳어졌는데 그냥 계속 워크맨으로 밀고나가셈,513,0
10, 밤도리              ,죄송한데 저는 솔직히 와썹맨도 재밌지만 워크맨이 조금 더 재밌는 것 같습니당~ 아 물론 제 개인적인 소견임을 밝히는 바 입니다,649,0
11, 나리야노올자              ,워크맨 바꾸면 안되요.. ㅠㅠㅠㅠㅠㅠㅠㅠㅠㅠ이미 이걸로 세뇌됐단멀이야.. 구독자들닉넴은 잡것에 찬성!!,764,0
12, Sungwon Shin              ,마지막 엔딩이 엔드게임급 예고편이네,241,0
13, 미띤보노보노              ,와 아마존~익수뿌레수 ~ 춤은 요렇게 아 원투 쑤리 뽀다 이게 바로 춤이다 아 항- 아 위로 아래로 아 위로 아래로~,50,0
14, 이예훈              ,마지막 에버랜드 나올 때 소름...진짜 기대된다^^,5600,0
15, 스마일군              ,진짜 제가 잘 몰라서 궁금해서 그러는데진짜 워크맨 미치도록 재밌는데 대체 2개월가량 무슨일있었길래 벌써 구독자 수가 267만...ㄷㄷㄷㄷㄷㄷ,70,0
16, 너 그리고 나              ,안되겠다 성규형이랑 결혼해야지 자식 이름은 알바맨으로,161,0
17, 정재연              ,워크맨으로가자!! 뇌에서 기억하는데이제와서 뭘 바꾸나 ㅋㅋㅋ,130,0
18, mmi oo              ,합쳐서 시바 잡것들아~~어때요,220,0
19, 제일좋아명호가              ,마지막 거의 토르 3 쿠키영상급,3100,0
0, 워크맨-Workman              ,"🐜🐜워크맨 인력소🐜🐜워크맨의 리뷰를 원하는 job것이 있다면↓댓글 추천↓✔청소.인력.식당.요리.철거.공장.물류✔그 외 모든 job것들✔200% 부려먹기 가능 ❌장난사절❌세상의 모든 job것들을 [워크맨]이 직접 리뷰해드립니다!",3500,0
1, 이붕              ,"워크맨 제발 물들어올 때 노 저으라구,,,,,,,,,와썹맨도 일주일에 두번 업로드하고 떡상해따구,,,,,,,움직이라구 ,,,,, 사실 내가 일주일에 두번보고싶어",22000,0
2, 천둥              ,몇달째 임신 우울증으로 힘들어하던 와이프가 최근 가장 크게 웃은게 이영상을 보면서였습니다. 성규님 감사합니다.,6400,0
3, 김경환              ,콜라먹다취하면 콜로간다 진심 장인이네 ㅋㅋㅋ,10000,0
4, 양초간장              ,장성규:사채업자세요????:비슷한걸하는데 거기까진 아니에요은행원 개웃기넼ㅋㅋㅋㅋㅋㅋㅋㅋㅋㅋㅋ,7700,0
5, 강병한              ,마지막 쿠키영상 개웃겨 ㅋㅋㅋ 이건 뭐 누가보는것도아니고 대충해도되는거아녀요?? 직원 : 예맞아요 끝 ㅋㅋㅋㅋㅋㅋㅋㅋㅋㅋㅋ 편집,4900,0
6, 유예나              ,와 콜콜 이행시 실화냐 ㅋㅋㅋㅋㅋ 센스 장난 아니신 듯 ㅋㅋㅋㅋㅋㅋㅋㅋㅋㅋㅋㅋ 대박 대박 ㅋㅋㅋㅋㅋㅋ,3000,0
7, 뭘굳이              ,아나운서 시험 어떻게 붙었지ㅋㅋㅋㅋㅋ 면접에서 연기를 했나ㅋㅋ,3900,0
8, 루밍              ,쿠키영상 뭐냐ㅋㅋㅋㅋㅋ 아 장성규 잘 몰랏는데 이거보고 빠짐 너무웃겨 ㅋㅋㅋ 쭈니형보다 솔까 더웃김...ㅋㅋㅋㅋㅋㅋ,2500,0
9, 공차먹고싶다              ,아 존나 맨날 사람들 보고 어떤 관계냐 묻는 거 개웃겨 ㅋㅋㅋㅋㅌㅌㅌㅌㅌㅌㅌ,482,0
10, 강아지              ,대가리가 누구얔ㅋㅋㅋㅋㅋㅋㅋ진짜 방송인중에 저런돌아이 드물듯ㅋㅋㅋㅋㅋ,8000,0
11, 이가나              ,6:12 은행원ㅋㅋㅋㅋㅋㅋㅋ 사채업자랑 비슷한데 거기까진 아니래 아닠ㅋㅋㅋㅋㅋㅋㅋㅋㅋㅋ은행원이 사채업자랑 비슷하다고ㅋㅋㅋㅋㅋㅋㅋㅋ아 ㄹㅇ 상상도 못한 전개다,559,0
12, JUNKI HONG              ,아니 이거 한번 했던 거 가지고'카스보다 테라가 나은 것 같다' 말한 장성규가 문제있다고 욕한거였냐? 이 카스야?? 난 또 무슨 바이럴광고 1년치 계약이라도 맺은건줄 알았네?ㅋㅋㅋ장난하냐?,257,0
13, heehee              ,처음 나온 카메라감독님ㅋㅋㅋㅋㅋㅋㅋ신서유기에서 크롭피카츄티입으신 그감독님아닌가여?ㅋㅋㅋㅋㅋㅋㅍㅋㅋㅋㅋ,2300,0
14, Santi Wang              ,he is so witty and the editing is so hilarious.. i cant stop binge watching,23,0
15, mabel              ,"""nude model"" lmao",1,0
16, binie kim              ,복잡하다니까 난잡하냐곸ㅋㅋㅋㅋㅋㅋ진자 상도라이뀨ㅋㅋㅋㅋㅋㅋㅋㅋㅋㅋㅋㅋㅋㅋㅋㅋ개쥬앙ㅋㅋㅋㅋㅋㅋㅋㅋㅋㅋㅋㅋㅋㅋ,1100,0
17, Red Egg              ,He was actually asked to become a model for cass hahaha,8,0
18, U. us              ,텐션은 본인이 더 높으시면서 뭔 기가 빨려ㅋㅋㅋㅋ 말이 되는 소리를ㅋㅋㅋㅋ,86,0
19, 은한              ,학습지 선생님 어떠세요ㅋㅋㅋㅋㅋㅋ 가정방문해서 아이들 한글수업 1대1 교육!!! 마침 아나운서셨으니 아이들에게 한글 어떻게 가르칠지 궁금해요ㅋㅋㅋ,160,0
0, 워크맨-Workman              ,"밤샘편집으로 인해 시차적응이 안되어 04:30 부분 AM을 PM으로 자막 오류가 나버렸습니다. 죄송합니다.🐜🐜워크맨 인력소🐜🐜워크맨의 리뷰를 원하는 job것이 있다면↓댓글 추천↓✔청소.인력.식당.요리.철거.공장.물류✔그 외 모든 job것들✔200% 부려먹기 가능 ❌장난사절❌세상의 모든 job것들을 [워크맨]이 직접 리뷰해드립니다!",7600,0
1, TV세균맨              ,난 프리선언 전현무가 원탑인줄 알았더니 이제보니 장성규가 원탑이네. 애는 천성이 예능맨이네,22000,0
2, 이이준환              ,복지에 대해 한마디 하자면 주방이모 따로둘 정도로 디자이너들 식사 제대로 챙겨주려고 신경쓰고 원장이 디자이너 해외연수까지자비부담해서 보내주고  주3회 휴무면저쪽 세계에서는 거의 대기업급 복지임,6200,0
3, 송인하              ,입 열때마다 손님한테 접근 금지 당해서 구석에 있는거 개웃기넼ㅋㅋㅋㅋㅋㅋㅋㅋㅋㅋㅋㅋㅋㅋㅋㅋㅋㅋㅋㅋㅋㅋㅋㅋㅋㅋㅋㅋㅋ,5100,0
4, 빵끄읏              ,ㅋㅋㅋㅋ 원장 머리하고나서 평소에 짓는 표정으로 대하니까 더 웃김,2100,0
5, 안태영              ,원장님 저 머리 너무 잘어울리는 거 같은ㄷㅇ....,2700,0
6, Dalcorn달콘              ,전라남도 해남 16만평에서 200만개 초당옥수수가 기다리고 있습니다. 여름이 제철인 초당옥수수 한 번 따러 오세요!  여긴 가장 젊은 분들이 50대에요. 젊은 장성규씨가 꼭 필요합니다!!!!,21000,0
7, 백숙              ,샹 진짜 머리 어쩔 거임 ㅋㅋㅋㅋㅋㅋㅋㅋㅋㅋㅋㅋㅋㅋ 여성스러워봤자 뭐 어떻겠어 싶었는데 미친 양갈래 ㅋㅋㅋㅋㅋㅋㅋㅋㅋ,709,0
8, 장태준              ,몇편 보다보니 .. 옛날 유재석 보는 느낌이 난다 장성규.  뭐라고 할까.. 유재석이 약빨고 나온느낌 이랄까 ㅋㅋㅋㅋㅋㅋㅋㅋㅋㅋㅋㅋㅋ,413,0
9, 돼지미미              ,인턴파크 ㅋㅋㅋㅋㅋㅋ 편집자분 진짜 미치겠네ㅋㅋㅋㅋㅋㅋㅋㅋㅋㅋㅋㅋㅋㅋㅋ도랏ㅋㅋㅋㅋ 압이 약하다니까 망치 있녜 ㅋㅋㅋㅋㅋㅋㅋㅋㅋㅋㅋㅋㅋㅋㅋ,838,0
10, 김미숙              ,5:45 내가 섰지롱 진짜나갔네ㅋㅋ,325,0
11, 김커모온              ,아니 ㅋ앀ㅋㅋㅋㅋㅋㅋㅋㅋㅋ원장 머리해준거 예상을 못해가지고 존나웃었넥ㅋㅋㅋㅋㅋㅋㅋㅋㅋ,10000,0
12, Zee adalla              ,'Don't use laundry soap' lmao!,11,0
13, ᄏ ᄏ              ,2:20 ㅋㅋㅋㅋㅋㅋㅋㅋㅋㅋㅋㅋㅋㅋㅋㅋ 계속 좌천하는거 개웃기네,226,0
14, 정유나              ,"마지막에 진짜아주잠깐 메가박스 영화관람권 구독자들 쓰라고 올려주신거봐... 나 찾아내고 되게 좋아했는데 이미 누가 썼더라,,,, 나만큼 관찰력 좋은 사람 누구야",198,0
15, 보하              ,2:02 저여자손님 나만 예쁘다고 생각함?,39,0
16, 요구독좀해줘!              ,미용사 현실은 기본시급도 안주는 직업 아닌가 ㅋㅋㅋㅋ 영상 찍으니 기본시급 이상으로 주는거지,318,0
17, 하고 싶은 말다 하고 산다              ,7:57 저 선배님 원장 머리 보고 웃다가 장성규가 말 거니깐 갑자기 차분해지네ㅋㅋㅋㅋㅋㅋㅋㅋㅋㅋㅋㅋㅋㅋㅋㅋㅋㅋㅋㅋㅋㅋ아니 왜 이렇게 웃기지ㅋㅋㅋㅋㅋㅋㅋㅋㅋㅋㅋ,216,0
18, OD오드아이              ,1:52 이분 웰케 예뻐? 연예인이신가?,9,0
19, 노후준비 가능한 엄마표 사교육 유스 tv              ,퇴폐적이거나 야한거 드립안치고 진짜 개드립 병맛이라 캡웃긴다 ㅋㅋ,25,0
0, 워크맨-Workman              ,"🐜🐜워크맨 인력소🐜🐜워크맨의 리뷰를 원하는 job것이 있다면↓댓글 추천↓✔청소.인력.식당.요리.철거.공장.물류✔그 외 모든 job것들✔200% 부려먹기 가능 ❌장난사절❌세상의 모든 job것들을 [워크맨]이 직접 리뷰해드립니다!",4000,0
1, 김아이야아              ,화장품가게 알바해주세요ㅋㅋㅋㅌㅋㅌㅋㅋ막 고객님들에게 맞는 색 추천하고 그러면서 이야기하는거 재밌을거같아요!,20000,0
2, 하이하이              ,나왔던 사수분들한테 꾸준히 선배님이라는 호칭 계속 쓰는거 보면 진짜 예의 바른 사람이라는걸 알수 있는듯 아나운서라서 그런건지는 몰라도 말도 위트있게 잘하고 요즘 유튜브 보면서 눈쌀 찌푸리게 되는 영상들 많은데 진짜 장성규님 너무 팬 됐어요 재밌고 센스있는 방송 감사합니다 더 잘되실거에요!!!,7700,0
3, mi na              ,한마디 꺼지세요ㅋㅋㅌㅌㅋㅋㅋㅋㅌㅌㅋㅋㅋㅋㅋㅋㅋ 미치겠다 언니 너무 좋아요,5600,0
4, 이다함              ,"엘사가 이상한 연락온다니까 바로 표정 바뀌면서 ""어떤 연락""이라고 하는 부분 심쿵",5800,0
5, 화운사              ,1:39ㅋㅋㅋㅋㅋㅋㅋ이정도면 노린거아니냨ㅋㅋㅋㅋㅋㅋㅋ왜 또 신발장 옆인뎈ㅋㅋㅋㅋㅋㅋㅋㅋㅋ,2300,0
6, maming Park              ,방청객 알바요.. 홈쇼핑 방청객 알바도 좋고 아침마당 같은거 방청객..ㅋㅋ 생각만 해도 개웃김..ㅋㅋ,2600,0
7, Donguk Kim              ,독서실 총무 알바하러 가주세요!!! 조용한데서 일하는 걸 편집자분이 어떻게 살리실지 성규형님도 어떻게 하실지 궁금쓰~ ㅋㅋㅋ,3500,0
8, 으웩              ,ㄲㅈ세요 에서 개빵터졌다 ㅅㅂㅋ ㅋㅋㅋㅋㅋㅋㅋㅋㅋㅋㅋㅋㅋㅋㅋㅋㅋㅋ아..ㅋㅋㅋㅋ,1300,0
9, 유예나              ,1:36 신발장 선배님ㅋㅋㅋㅋㅋㅋㅋㅋㅋㅋㅋ 고음어택ㅋㅋㅋㅋㅋㅋㅋㅋㅋㅋㅋㅋㅋㅋㅋ 밐ㅋㅋㅋㅋㅋㅋㅋㅋㅋㅋ친ㅋㅋㅋㅋㅋㅋㅋㅋㅋㅋㅋㅋㅋㅋㅋㅋㅋㅋㅋㅋㅋㅋ ㅈㄴ웃곀ㅋㅋㅋㅋㅋㅋㅋㅋㅋㅋㅋㅋㅋㅋㅋㅋㅋㅋㅋㅋㅋㅋㅋㅋㅋㅋㅋㅋㅋㅋㅋㅋㅋㅋㅋㅋㅋㅋㅋㅋㅋㅋㅋㅋㅋ,1300,0
10, Aminatun Faarida              ,He's kind a weird and funny at the same momment,7,0
11, La Miranda              ,"너무 신기한게 저 상암쪽 살아서 영화관은 상암메가박스가고, 아기 키즈카페는 타이니키즈,  회사는 홍대라 저기 지하피씨방 정액권끊었는데.. 게다가 2011년도 MBC신입사원 2차까지 붙었었고, 심지어 와이프 성도 장씨인데.. 왜 장성규님은 못만났죠?? 왜 그런걸까요??",37,0
12, *호로로롤로룰루              ,2:08 떡주려고 수작부리는줄알았는데 기억력..ㄷㄷ,4400,0
13, 후후              ,아니 근데 신발장선배님 또 신발장 옆에 두고 인터뷰 한 거 개웃기멬ㅋㅋㅋㅋㅋㅋㅋㅋㅋㅋㅋㅋㅋㅋㅋ 우리 엘사 건들면 디진다...,1000,0
14, 선희가아니라써니라구              ,아니 이쯤되면 엘사씨 월급줘야하는거아닌가며 ㅋㅋㅋㅋㅋㅋㅋㅋㅋ 개웃겨 ㅋㅋㅋㅋㅋ 또 엘사? 할때 빵터짐ㅋㅋㅋㅋㅋ,5100,0
15, 황덕배              ,장성규 진짜 선을 넘을 듯 안넘을듯 하면서 결국은 안 넘음... 볼 때마다 너무 불안하긴 한데 오히려 이런 케이스가 큰 사고 없이 잘 가는 듯,398,0
16, SIKITV싴이              ,영상 한번 봤다고 저분들이 새삼 반갑네요ㅋㅋㅋㅋㅋ,192,0
17, 김진욱              ,다른 사람은 청하닮았다고 하는데 왜 넌 엄마냐 다시한번 물어볼께요 누구 닮았어요?아빠요,262,0
18, 신재민              ,1:10 개귀엽다 ㄹㅇ,371,0
19, Slade951              ,You should do delivery job. Packing. Farming.,6,0
0, 워크맨-Workman              ,"🐜🐜워크맨 인력소🐜🐜워크맨의 리뷰를 원하는 job것이 있다면↓댓글 추천↓✔청소.인력.식당.요리.철거.공장.물류✔그 외 모든 job것들✔200% 부려먹기 가능 ❌장난사절❌세상의 모든 job것들을 [워크맨]이 직접 리뷰해드립니다!",1800,0
1, 록뽀              ,이사님 왜이리 소심하셔 ㅋㅋㅋㅋㅋㅋㅋㅋㅋㅋㅋㅋㅋㅋㅋㅋㅋㅋㅋㅋㅋㅋ 막내같아 .... ㅠㅠㅠㅠㅠㅋㅋㅋㅋㅋ,11000,0
2, 밍              ,나만이생각한게 아니였네ㅋㅋ모자쓴남자 삼행시부터 뭔가 장성규님이 맘에안든건지 전부터그런건지 표정이나 말투가 띠꺼움 ㅋㅋ근데 원샷원킬에서 풉ㅋㅋ ㅋㅋㅋㅋㅋㅋㅋㅋㅋㅋㅋ,3800,0
3, 김현우              ,와..시바 아만다 인기많은건 알았는데 저렇게 돈 많을줄 몰랐네;;,6100,0
4, 후니              ,엄청나게 잘 짜여진 회사 다닌 장성규 입장에선 저런 회사 보면 개판이라 느낄듯 이거 나올 당시에는 웃길라고 하는 말 인줄 알았는데 진짜 개판이였나봐 ㅋㅋㅋㅋㅋㅋ,4400,0
5, 이스타              ,스타트업 회사는 젊고 즐거워 보여도 막상 업무적으로 ㅈㄴ 맨땅에 헤딩이라 니일내일 핑퐁치며 ㅈㄴ 짜증남. 오래된 기업은 누적된 전례가 있어서 그나마 교통정리가 깔끔하지,3300,0
6, 밥그릇              ,"개판인걸 정확히보네. 취업 사이트에서 제공해주는 퇴직율이 높고, 회사 평점이 2~3대다? = 길게 말 안한다 다녀봤자 시간낭비다.",1300,0
7, 권태희              ,"와 엔딩멘트가 ""회사가 개판이야."" 일 줄은 몰랐다",316,0
8, min pj              ,아 ㅋㅋㅋㅋ 권위적이지않다라고 하고 커피주문때 다 주문햇어요 (권위적이지 않는편) ㅋㅋㅋㅋ,2300,0
9, joe 0001              ,"""회사가 개판이야""  ㅋㅋㅋ",11000,0
10, 민구              ,저 회사 사람들 느낌이 다 쎄하네...,1800,0
11, 깜장색              ,헐 아만다 뉴스뜸 직원이 고객정보 열람해서,468,0
12, 빈이              ,"본인 사진 올려서 모르는 사람들한테 점수로 평가받는 앱이 대체 왜 인기가 있는건지 모르겠네,,",418,0
13, OG STEL              ,댓글이 사라졌네 저런 불안정한 회사들 특징이랑 이런거 알려주던 댓 있었는데..대댓글도 심도 있었고,1400,0
14, //////              ,아:아무나만:만나주지 않는다:다단계 업체,895,0
15, BS K              ,생각없이 말하는거 같지만 정확하게 짚어서 말하네 결론은 개판이다 ㅋㅋ,304,0
16, 시마              ,그럴싸하게 망해가는 회사,825,0
17, 리브스키아누              ,어플에서 정상적인 사람 만난다는 게 ㅋㅋㅋㅋ 거의 극소수지. 뭐가 아쉬워서 어플에서 사람을 만나지? 목숨 여러개면 가능,297,0
18, bbang sun              ,당신....똑 부러진 아나운서 딕션으로 저세상 수위의 위험한말 하는거 너무 좋아....,8100,0
19, ellen              ,회사가 회사같은 느낌이 없음ㅋㅋㅋㅋ 약간 자기 할 일만 하고 있다가 가끔 모이고 흩어지는 분산형 조직 느낌이 강함 장성규는 개판인 거 한눈에 바로 알아보네 ㅋㅋㅋㅋ 역시 jtbc..,37,0
0, 워크맨-Workman              ,"🐜🐜워크맨 인력소🐜🐜워크맨의 리뷰를 원하는 job것이 있다면↓댓글 추천↓✔청소.인력.식당.요리.철거.공장.물류✔그 외 모든 job것들✔200% 부려먹기 가능 ❌장난사절❌세상의 모든 job것들을 [워크맨]이 직접 리뷰해드립니다!",1800,0
1, jh2216 min              ,와..바닥에 가래침...경악을 금치 못하겠네...저딴 인간을 어른이라고 말할수가 있나??...나이를 똥구멍으로 쳐먹는다는 말이 괜히 나온게 아니네..,9900,0
2, Erick Kim              ,가래침 뱉는 저사람영화관 영구 출입금지 시켰으면..,4100,0
3, 송용찬선하              ,23점을 자신있게 말힐 수 있는 그대는 도덕책,2300,0
4, ꧁꧂꧁꧂ ꧁꧂              ,어흉 ㅠㅠ 우리나라 젊은이들 너무 고생한다.. 점심은 아예 먹지 말라는거랑 똑같네 30분밖에 안주냐 시간을 ㅠ 글고 가래침 뱉은 인간 진짜 충격임,495,0
5, Amber Rodriguez              ,He said 23/100 is a high grade... damn I wish my school would say that pftt,5,0
6, SPECIAL GUEST              ,국회의원들은 하루에 몇시간 휴게 하냐....아니 일년에 몇년씩 휴게하냐...(몇번 일하냐?) 서민들 각박해서 살것냐...30분만에....밥먹고 쉬고 준비하고 다하라고??,1600,0
7, ss sooo              ,법이라는고 하는 30분이.. 최소로 30분을 보장하라는거지 30분을 넘지 말라는건 아니잖아... 딱 식사시간만 30분이 아니라 음식을 사러가는시간 사서 돌아오는시간 치우는시간 복귀하는시간 까지 다합쳐서 30분이라니 너무하네...딱 10분만 늘려도 넉넉할 텐데.,609,0
8, A A              ,초면인데 반말하고 가래침까지 뱉네 저런걸 틀딱이라고 부르지,402,0
9, ᄋᄉᄋ              ,나만 머리묶는것도 규정이라는거에 충격받았나..??+아니 머리를 걍 묶으면되는거지 어디에선이모양 저기에선 저모양으로 굳이 정해져있단게 좀 의외라는건데 왜 댓에서 싸우고 그러냐 걍 지나가슈~~,669,0
10, 천동규              ,후진국일때 태어나 선진국에 적응못해서 살아가는 사람이 너무 많다더니  딱 이럴때 두고 하는 말이네요,3400,0
11, 핑구우              ,엘사선배 야무지고 듬직하고 사람 진짜 괜찮아보임,731,0
12, tai toa              ,노인네가 워낙 경악스러운 일을해서 그게 가장 충격적이네요. 얼굴공개해서 메가박스 입구에 붙여주세요.,489,0
13, 갈갈이파              ,나이만 많다고 어른이 아니다나이를 까꾸로 처드셨네...,263,0
14, 지패드              ,7:55 진짜별로다 자막은 존대말이지만 말은 3관이지? 같은데 반말에 어떻게 건물안에서 가래뱉을 생각을하지? 저건 틀딱이네뭐네 욕할 뭐도없다 틀딱이 애교수준이네 인성쓰레기,285,0
15, Loona CrunchyGowon              ,"I'm glad his youtube career is doing well, I still remember that he said he wants to work more in knowing brother",48,0
16, 안녕하세요              ,어벤져스 스포한놈보다 영화관에 침뱉는 놈이 더 죽일놈임,35,0
17, 손달이              ,밖에서 가래침 침 뱉는사람들 이해가 안감 ㅋㅋㅋㅋㅋㅋ전더군다나 흡연자인데도 길거리에서 침을 안뱉음 다들겉멋들어가지고,341,0
18, 이노우아에              ,아놬ㅋㅋㅋㅋ 두번째 손님 개귀엽ㅋㅋㅋㅋ 커플 이시냐니까 그럼 뭐가 달라지녜 ㅋㅋㅋㅋㅋㅅㅂㅋㅋㅋ도랏 개귀엽ㅋㅋㅋㅋ,43,0
19, 최대현              ,6:11 저세상속도 ㄷㄷ;;편돌인데 전자렌지 저리 속도 빠른 사람 첨봄,239,0
0, 워크맨-Workman              ,"🐜🐜워크맨 인력소🐜🐜워크맨의 리뷰를 원하는 job것이 있다면↓댓글 추천↓✔청소.인력.식당.요리.철거.공장.물류✔그 외 모든 job것들✔200% 부려먹기 가능 ❌장난사절❌세상의 모든 job것들을 [워크맨]이 직접 리뷰해드립니다!",2200,0
1, 손오공              ,편집누가하냐 진짜 존나잘한다 장성규도 장성규 인데 편집이 ㄹㅇ 레전드,14000,0
2, 장태준              ,사장님 이거 제 키보든데 사장님한테 싸게 팔게요 ㅋㅋㅋㅋㅋㅋㅋㅋㅋㅋㅋㅋㅋㅋㅋㅋㅋㅋㅋㅋㅋㅋㅋㅋㅋㅋㅋㅋㅋㅋㅋㅋㅋㅋ 미친놈아 ㅋㅋㅋㅋㅋㅋㅋㅋㅋㅋㅋㅋㅋㅋㅋㅋㅋㅋ,3400,0
3, 이재정              ,효진선배님 진짜 개이쁘다 와 엘사선배님 다음으로 대존예 ㄷㄷㄷ,1300,0
4, Hannanna              ,"5:47 ""아닌데~ 내가 봤는데~"" 저러는 사람이 어딨어 진짜,,,,완전 취향저격,,,,,ㅋㅋㅋㅋㅋㅋㅋㅋㅋㅋㅋㅋㅋㅋㅋ귀엽다ㅋㅋㅋㅋㅋㅋ 끼 많으신거 같은데 성격 완전 맘에 들어ㅋㅋㅋㅋ",381,0
5, Tammy Abraham              ,알바분들 미모 ㄷㄷ 장난아니다7:40 청하 닮은 분 졸귀ㅠㅠ 머뭇머뭇 ㅎㅎ,1000,0
6, 오니언즈              ,베스킨라빈스 알바해주세요ㅎ극한직업중 하나죠 부려먹기 200예약ㅋㅋ,7000,0
7, 행복              ,5:47 아닌데~ 내가 봤는데~,1100,0
8, 윤우성              ,"7:29부터 장성규랑 효진선배 대화하는거 뭔가 남매가 대화하는것 같다ㅋㅋ그리고 장성규가""한마디를 안 지네""하는거 뭔가 진짜 딱 오빠가 여동생한테 하는 말 같네ㅋㅋ+아닛 좋아요가 290개?!",353,0
9, Nac Ta              ,6:33 개인적인 킬포. 소리반 공기밥 편집자님 존경합니다 ㅋㅋ,686,0
10, 이원형              ,외국인 인터뷰할때 땡큐 하고 끝내는거 개웃기네 진짜 ㅋㅋㅋㅋㅋㅋㅋㅋㅋㅋㅋㅋㅋㅋㅋㅋ,296,0
11, 세이렌              ,4:51 이분 진짜착해 ㅋㅋㅋㅋㅋㅋ,270,0
12, 아이븐              ,알고보니 장성규 아나운서님께 드린키보드 아까 라면 쏟은키보드면 ㅋㅋㅋ,210,0
13, 김민우              ,ㅋㅋㅋㅋㅋㅋㅋㅋㅋㅋㅋ 미친거 아니야 ㅋㅋㅋ 제 키보드인데 사장님한테 싸게 팔게요 ㅋㅋㅋㅋㅋㅋㅋㅋㅋㅋㅋㅋㅋㅋㅋㅋㅋㅋㅋㅋ,544,0
14, 음악              ,4:02 에 유경몬 아님?,140,0
15, MIKE Mighty              ,세차장을 운영 중 입니다. 성규씨 반쯤 죽여드릴테니 맡겨만 주시길 바랍니다.추석전에 피크 입니다.,4900,0
16, 엥웅엥웅엥              ,여자피시방알바생분들은 진짜 어느 피시방가든 다 예쁨 외모보고 뽑는 듯,12,0
17, 손웅정              ,김기리 개그맨장성규  아나운서아나운서가 더웃기네,176,0
18, Shayla❤              ,"""Weden weden Sweden"" 😭😂 I am CRYINGGGG😂😂😂",190,0
19, Brian Vuong              ,Is that FD Dongwan from Running Man at 0:29?,1,0
0, 워크맨-Workman              ,"🐜🐜워크맨 인력소🐜🐜워크맨의 리뷰를 원하는 job것이 있다면↓댓글 추천↓✔청소.인력.식당.요리.철거.공장.물류✔그 외 모든 job것들✔200% 부려먹기 가능 ❌장난사절❌세상의 모든 job것들을 [워크맨]이 직접 리뷰해드립니다!",648,0
1, Mojito 4414              ,알바생 유니폼이랑 신발 제대로 된것 좀 챙겨주세요.선수들이 버리고 간거 신는게 말이 됩니까?,4400,0
2, 호호혹              ,에뛰드하우스 알바 해주세요!! ㅎㅎ,7400,0
3, 절친              ,초심잃지말구 다른연예인들처럼 사고치지말구 유재석처럼 착실하게해줘요 오래오래팬할수잇게요,5400,0
4, Lauren kylian              ,어우 버려진 신발 신으라는건 좀 충격인데..? 촬영 한다고 신경 썼을텐데  저 지경이라니,1200,0
5, asd asddd              ,야구장알바 저거보다 훨씬 열악하고 근무시간외 무급으로 추가근무도많은거 야구팬들은 다알고있지,1200,0
6, screat candy              ,볼보이가 공에 맞으면 선수 컨디션이 저하되니까 조심하라는건 뭐야;,1500,0
7, So R              ,sk행복구장에서 일했던 전직원인데 ㅋㅋㅋ식당 밥 저렇게 좋게 안나오는데 촬영한다고 밥 스케일이 달라지네여 ㅠ,3200,0
8, 정진              ,궁디 팡팡은 왜 계속 해달라는거야 ㅋㄱㅋㄱㅋㄱㅋㄱㅋㄱㅋㄱㅋㄱㅋㄱㅋㄱㅋ개웃기네 진짜,2800,0
9, 사랑해이석훈              ,야구장 알바 했던 사람입니다 존나 힘듭니다 진상 진짜 장난아니게 많아요 하지마세요영상처럼 덕아웃을 마름대로 들어갈 수 있는 거 절대 아니고 전용 휴게실 없는 구장이 훨씬 많습니다 가끔 그라운드 들어가는 때가 있는데 구단에서 행사할 때 그거 뒷처리 하러 들어갑니다 야구장 하지 마세요 이득보다 손해가 더 커요,573,0
10, 취소 : 취미영상소              ,애슐리같은 무한 뷔페 서빙알바 해보셨으면 좋겠어요 ㅋㅋㅋ 리얼 강추ㅋㅋㅋ ㄴㄴ ㄷㅅ ㅇㅎㄱㅇ,2300,0
11, Nunana Gajugeo              ,신발도 없는건 좀 너무하네 ㅋㅋㅋ 차라리 운동화 가져오라고 따로알려주지,402,0
12, 이가은              ,헐 대박 에뛰드 하우스 이건 진짜다 에뛰드하우스 알바 한번만 뛰어주세요 ㅠㅠㅠㅠㅜ,812,0
13, Steven H              ,장성규님 진짜 ㅈㄴ 웃겨요 ㅋㅋㅋㅋ 그 능력에 개그맨 하시지 왜 아나운서를??ㅋㅋ,1500,0
14, jieun Kwak              ,영상보면서 첨 빡침...안전모를 주던가... 사람머리보다 선수 컨디션이 우선이라니... 🤬,35,0
15, 양 한마리Hanna Yang              ,진심 알바 처우 개판이네... 댓글 중에 밥도 실제론 저렇게 안 나온다하고,118,0
16, Malcolm b              ,ㅋ 처우 개판이네이후에 본사에서 직원나와서 입단속하고 관리하는거구나ㅋㅋ,35,0
17, Jihwan Lim              ,맞으면 조심하라는 게 자기가 아파서도 아니고 선수 컨디션이 저하돼서 ㅋㅋㅋ 뭐 공놀이 선수는 천룡인이냐? 당장 내가 아픈 데도 선수 컨디션 저하 따지고 있네,1,0
18, Cattermal Lee              ,덕질 꿀알바는 무슨 실상은 선수들 따가리네,48,0
19, Choi Anna              ,오 야구 선수분들 유니폼 사이즈 네이버로 찾는거 개신박... 👍🏻,242,0
0, 워크맨-Workman              ,"🐜🐜워크맨 인력소🐜🐜워크맨의 리뷰를 원하는 job것이 있다면↓댓글 추천↓✔청소.인력.식당.요리.철거.공장.물류✔그 외 모든 job것들✔200% 부려먹기 가능 ❌장난사절❌세상의 모든 job것들을 [워크맨]이 직접 리뷰해드립니다!",1300,0
1, Park Junesuk              ,아니 왜 손님 따라주는걸 자기가 마시냐곸ㅋㅋㅋㅋㅋㅋㅋㅋㅋㅋㅋㅋㅋㅋㅋㄲㅋㄲ,12000,0
2, 낙화유수              ,맥주보이 저거 장난아닙니다 15kg두세시간 들고 다니면 지금 날씨에 정말 탈진합니다. 고생정말 많으셨습니다.,7700,0
3, 잉남              ,안녕하세요. 맥주보이로 출연한 아르바이트생 지성입니다!이날 촬영 너무 재밌게 했어요. 워크맨 사랑합니다♡워크맨 채널 독립되기 전 영상에 댓글로 많은 분들이 맥주보이에 대한 질문을 해주셨는데제 채널에 질문들에 대한 답변과 맥주보이와 관련된 영상을 하나 올려놓았어요.ㅎㅎ저번에 쓴 댓글은 왠지 모르겠지만 지워져서 ㅜㅜ 여기다가 다시 댓글 답니다!,6600,0
4, Janice Kim              ,아까 김광현 외쳣으면서 그 김광현 아들을 그냥 보내네...ㅋㅋㅋㅋㅋㅋ,6000,0
5, M Sang              ,이사람이 정상적으로 차려입고 뉴스에서 점잖게 아나운서를 했다는게 믿기지가않는다,5000,0
6, -전원버튼-              ,꽐라되세요 도랐냐곸ㅋㅋㅋㅋㅋㅋㅋㅋㅋㅋㅋㄱ,1500,0
7, 즐겨              ,사회생활 만렙 ㅋㅋㅋㅋㅋㅋㅋㅋㅋㅋㅋㅋㅋ nc구장 가자마자 태세전환하는거 개웃기네,2900,0
8, 이미터용TV [김진용]              ,6:34 nc쪽 가자마자 nc화이팅 하는거 진짜 개웃기넼ㅋㅋㅋㅋㅋㅋㅋㅋㅋㅋㅋㅋㅋㅋㅋㅋㅋㅋㅋㅋ,4000,0
9, 35 age              ,약빤 진행자와 약빤 편집자 ㅋㅋㅋㅋㅋㅋㅋㅋㅋㅋㅋㅋㅋㅋㅋㅋㅋㅋㅋㅋㅋㅋㅋㅋㅋㅋㅋㅋ,1300,0
10, K Jay              ,3:15 김광현 아들 ㅋㅋㅋㅋㅋ 인생 인터뷰 놓쳤네 ㅋㅋㅋㅋㅋ,2700,0
11, Jiya LEE              ,성규 : Nc가 최고다~ 팬 : 우승해야죠~성규 : nc 가 장사가 잘되요 ㅋㅋㅋㅋㅋㅋㅋㅋㅋㅋ 웬드립 ㅎㅎㅎㅎ,1000,0
12, 정망고              ,1:19. 아니 다이어트 한다고 과자 안먹었는데치느님은 옳다 이건가요?,1100,0
13, cupBlack              ,워크맨 100만 가자!!!!장성규님 지금처럼 대충 살아주세요😄,1600,0
14, 갬성아지트              ,6:55 BBQ 맥주보이 장성규 : (앱 카드) 이거 어떻게하는거지!?  (BBQ에서 안 배움?)  네네치킨(형이 거기서 왜 나와??),571,0
15, Hsyj Ych              ,아저씨 맥주 마시는거 보고 뿜었ㅋㅋㅋㅋㅋㅋㅋㅋㅋㅋㅋ ㅋㅋ 아 지하철인데 너무 웃겨서 참느라 혼났어요,1000,0
16, 낙지턍턍이              ,시급 되게 높다고 생각했는데 맥주통 무게를 보면 더 받아야겠다 싶다 ㄷㄷ,544,0
17, 나moon희              ,한약다이어트중이라면서 치킨뜯는건 뭔데 ㅋㅋㅋㅋㅋㅋㅋㅋㅋ,427,0
18, 지경식              ,의무실에 소주 무엇ㅋㅋㅋㅋㅋㅋㅋㅋㅋㅋㅋㅋㅋㅋㅋㅋㅋㅋㅋㅋㅋㅋㅋㅋㅋㅋㅋㅋㅋㅋㅋㅋㅋㅋㅋㅋㅋㅋㅋㅋㅋㅋㅋㅋㅋㅋㅋㅋㅋㅋㅋㅋㅋㅋㅋㅋㅋㅋㅋㅋㅋ,447,0
19, T oO              ,인생인터뷰 놓침 ㅋㅋㅋㅋㅋㅋㅋㅋㅋㅋㅋㅋㅋㅋㅋㅋㅋㅋㅋㅋㅋㅋㅋ,666,0
0, 워크맨-Workman              ,"🐜🐜워크맨 인력소🐜🐜워크맨의 리뷰를 원하는 job것이 있다면↓댓글 추천↓✔청소.인력.식당.요리.철거.공장.물류✔그 외 모든 job것들✔200% 부려먹기 가능 ❌장난사절❌세상의 모든 job것들을 [워크맨]이 직접 리뷰해드립니다!",2000,0
1, Somin Jeon              ,아니 산타페 신형ㅋㅋㅋㅋㅋㅋㅋㅋㅋㅋㅋㅋㅋㅋㅋㅋ 난 무슨 은색 차요 큰 차요 이런거 말할줄ㅋㅋㅋㅋㅋ갖고싶은 차도  SM3ㅋㅋㅋㅋㅋㅋㅋㅋ,15000,0
2, JAEHOON LEE              ,아 알바 너무귀여워 ㅋㅋㅋㅋㅋㅋㅋㅋ 웰컴음료 마실때 톡톡 치길래 드시면 안돼요... 할줄알았는데 저도 먹고싶어요 ㅋㅋㅋㅋㅋㅋ 너무 귀엽다 진심ㅋㅋㅋㅋㅋ,4800,0
3, splmss              ,여기 킬포인트가 너무 많엌ㅋㅋㅋㅋㅋㅋㅋㅋ 첨부터 경찰불러에 고추크닼ㅋㅋㅋ 신발장 선배님에다가 라온의 산타페 신형 어머님의 감튀 드립까짘ㅋㅋㅋㅋㅋㅋㅋㅋㅋㅋㅋㅋㅋㅋ 웃겨 디지겠넼ㅋㅋㅋ,3400,0
4, 윤재석              ,와근데 여자 리액션도 너무 귀엽고 여자친구 은하살짝 닮은듯,1300,0
5, 하루              ,장점 : 애들단점 : 애들,678,0
6, 쿠키군              ,워크맨 대중교통 타다가 보면 안되겠다 ㅋㅋㅋㅋ 옆에 계신분 훔쳐보다가 같이 터짐 ㅅㅂ ㅋㅋㅋㅋㅋㅋㅋ ㅈㄴ웃기네,8100,0
7, 오늘은비올라나?              ,아니 여자분 뭐 설명하실때 손이ㅋㅋㅋㅋㅋㄱㅋㄱ 제스쳐가ㅋㅋㅋㅋㄱㅋㅋㅋㅋ 너무 귀엽고 웃겨욬ㅋㅋㅋㅋㅋㄱㅋㅋㅋㄱㅋㅋㅋㅋㅋㅋㅋㅋㄱㅋㅋㅋㄱㄱㄱㅋ,883,0
8, NOANG노앙              ,어느 키즈카페인진 모르겠으나 상당히 고퀄이었던 키즈카페 직원 분들께 사과드립니다 그 때 제가 캐릭캐릭체인지에 빠져서 거기에 있는 달걀이란 달걀들은 전부 다 모아서 한 곳에 숨겼거든요,488,0
9, 니리란치              ,04:09 신발장이 허락했대 미쳣나바ㅋㅋㅋㅋㅋㅋㅋㅋㅋ 편집자님 드립학원 어디 나오셯어요??ㅋㅋㅋㅠㅠㅠ,1100,0
10, Johnston Steiner              ,OMG that front desk staff aegyo is like super level i can't,18,0
11, 지금이순간              ,뷰티풀ㅋㅋㅋㅋㅋㅋㅋㅋㅋㅋㅋ드립 미쳤ㅋㅋㅋㅋㅋㅋㅋㅋㅋㅋㅋㅋㅋㅋ이건 알바생분들이 살려주시는듴ㅋㅋㅋㅋㅋㅋㅋㅋㅋㅋ,11000,0
12, lovely right              ,"Oh my God I remember commenting on the first episode with Elsa saying it would be fun if they had come out again in the later episodes, and SHE DID!!!BTW SHE SO PRETTY ❤❤",6,0
13, Umin Umin              ,The PD is Dongwan? WAHHH MISS HIM A LOTTT,0,0
14, noona.condition EXO SHINEE RV NCT SUJU BTOB              ,"""Bruh get some qtips"" hahahahahhahahaha it's funny coz the kid's face and I remember webtoon I Love Yoo ahahhaha ♡",0,0
15, 꿈님별님              ,여기서 배운 뷰티풀을 피씨방에서 써먹었넼ㅋㅋㅋㅋㅋㅋㅋㅋ넘 웃겨 ㅠㅠ 여자분 04:01 넘 귀여웡,638,0
16, 김수빈              ,아니무슨 사람들 대본있어? ㅅㅂ ㅈㄴ 개웃김 ㅋㅋㄱㅋㄱㅋㄱㅋㄱㅋㄱㅋㅋㄱㅋㄱㅋㄱㅋㄱㅋㄱㅋㄱㅋㄱㅋㄱㅋㄱㄱㅋㄱㅋㄱㅋ,183,0
17, 닭껍질구이              ,애가 산타페 신형을 왜 알고 있어 ㅋㅋㅋㅋㅋㅋㅋㅋ,351,0
18, JIN CAN BOP              ,"The girl is passionate to her job. She is one of the workers who give funny reaction like Elsa from Megabox, the one in waterpark(forgot her name) and the funniest is the man from Everland",0,0
19, 빠쭈              ,라온이 어머님 댓글을 보실 지는 모르겠디만 라온이가 너무너무 귀욥네요ㅠㅠㅠㅠㅠㅠㅠㅠ😍😍 어머님도 예쁘시고 감튀 안줘서 라고 하신 것도 너무 재미있아요ㅠㅠ라온이랑 라온이아버님이랑 가족분들이랑 행복하게 지ㅅ내세요~~♥,53,0
0, 워크맨-Workman              ,"🐜🐜워크맨 인력소🐜🐜워크맨의 리뷰를 원하는 job것이 있다면↓댓글 추천↓✔청소.인력.식당.요리.철거.공장.물류✔그 외 모든 job것들✔200% 부려먹기 가능 ❌장난사절❌세상의 모든 job것들을 [워크맨]이 직접 리뷰해드립니다!",1700,0
1, 광복이만세              ,워크맨 이제 몰아보기 하는 사람 손,3500,0
2, 심시몌              ,여기 회사근처라 가끔 가는데 사장님 진짜 똑같아요 ㅋㅋㅋㅋ 유쾌하시고 친절하시고ㅋㅋ 저세상 텐션ㅋㅋㅋ,10000,0
3, 김동준              ,지금 이건 장성규 아나운서가 그냥 1일 체험이기 때문에 웃으면서 설렁설렁하는데 보통은 이렇게 안됨 특히 장사 잘 되는 곳은 빠릿빠릿 안하면 혼도 많이나고 정신도 없고 세상 힘든게 고깃집알바 진짜 왠만하면 고깃집알바 하지마세요 집에 오면 힘들어 죽겠는데 머리에서 고기쩐내 손에서 기름쩐내 허리도 많이 아프고 계속 구워 드리고하면 특히 장사잘되는곳은 절대로 피하세요 그리고 최저시급은 무조건임,8400,0
4, 귀여운거체고              ,마지막 오렌지주스랑 하트먼뎈ㅋㅋㅋㅋㅋㅋㅋㅋㅋㅋㅋㅋㅋㅋ,12000,0
5, ms GWON              ,내가 울집도 고기집을 했고... 고기집 알바만 세군데 해봤는데 우리 엄빠 포함해서 저런 사장님은 처음이다. 고기집은 일하기에 힘들지만 저런 사장님 아래에 있다면 출근길이 힘들지 않다.,7000,0
6, 황유빈              ,사장님 유쾌하시다ㅋㅋㅋㅋㅋ,13000,0
7, 오방밍구              ,사장님 마지막 하트하신 거 ㄹㅇ잔망돋아ㅋㅋㅋㅋ규ㅠㅜㅠㅠㅠㅠ,3600,0
8, sopi kang              ,사장님 성함도 오주목이야 ㅠㅠ ㅌㅋㅋㅋㅋㅋㅋㅋ무슨 웹툰이냐고오 ㅋㅋㅋㅋㅋ개웃겨 ㅠㅠ,3500,0
9, 00 0              ,저렇게 유쾌한 사장님 있으면 진짜 일할 맘 날듯ㅋㅋㅋㅋㅋㅋ 손님 스카우트한 것도 너무 웃곀ㅋㅋㅋ,4200,0
10, 밈채              ,실물 별로입니닼ㅋㅋㅋㅋㅋ 델몬틐ㅋㅋㅋㅋ 뭐야 사장님 매력 뭔데뭔데,1900,0
11, MIKE Mighty              ,세차장 알바 오세요. 아무도 안해서 61년생 저희 장모님이 하십니다...ㅜㅜ,1500,0
12, Mink              ,아니 예능신내렷냐고 사장님이고 직원이고 워크맨 출연하는 일반인들은 죄다 웃겨듸졐ㅋㅋㅋㅋㅋㅋㅋㅋㅋㅋㅋㅋㅋㅋㅋㅋㅋㅋㅋㅋㅋㅋㅋㅋㅋ,1900,0
13, 김일성              ,대한민국 매출 1위 ! ! 델몬트 오렌지 쥬스~,4100,0
14, Yello Mello              ,실물은 별로입니다 ㅋㅋㅋㅋㅋㅋㅋㅋㅋㅋㅋㅋㅋ 사장님도 센스 쩌시네용🤣🤣,2300,0
15, noona.condition EXO SHINEE RV NCT SUJU BTOB              ,The owner was cute(personality)!!!!hahahahaha,5,0
16, HoneyHobby허니하비              ,사장님 개우곀ㅋㅋㅋㅋㅋ유쾌하심ㅋㅋㅋ,2900,0
17, woolhalme sonkalguksu              ,사장님 160그램 못썬거 변명하는거 개웃기넽ㅋㅋ,1400,0
18, 박지용              ,싸장님 윾쾌하시네ㅋㅋㅋㅋㅋㅋ,1600,0
19, 굥              ,저런 사장님 너무 좋닼ㅋㄹㅋㄹㅋㄹㅋㄹㅋㄹㅋ,1700,0
0, 워크맨-Workman              ,"🐜🐜워크맨 인력소🐜🐜워크맨의 리뷰를 원하는 job것이 있다면↓댓글 추천↓✔청소.인력.식당.요리.철거.공장.물류✔그 외 모든 job것들✔200% 부려먹기 가능 ❌장난사절❌세상의 모든 job것들을 [워크맨]이 직접 리뷰해드립니다!",1900,0
1, 티타주는남자              ,가장 더운날 에버랜드로 부르겠습니다! ㅋㅋㅋ 곧 뵈요 장성규 알바님ㅋㅋ(에버랜드 담당자 입니다^^),17000,0
2, soonhyung kwon              ,근데 주제를 개 잘잡은듯 ㅋㅋㅋ 세상에 직업이 얼마나 많음 ㅋㅋㅋ 그거 다 할려면 이채널 평생가능,13000,0
3, 여포똘이              ,어머님들 쓰는 이유가 있네...시급인데 애들쓰면 농땡이 99프로...나어릴때 20년전엔 장당 이었는데 ㅋ 물론 장당도 어디다 뿌리면 그만이긴하지 ㅋ,3000,0
4, 솔라시도              ,장성규님 진짜 개도른자셨넼ㅋㅋㅋㅋㅋㅋㅋㅋㅋㅋㅋㅋㅋㅋㅋjtbc에서 어떻게 이때까지 참으셨댘ㅋㅋㅋㅋ진심 약빤듯ㅋㅋㅋㅋㅋㅋㅋㅋㅋㅋㅋㅋㅋㅋㅋㅋㅋㅋㅋㅋㅋㅋ나 웃음 헤픈자가 아닌뎈ㅋㅋㅋㅋㅋㅋㅋㅋㅋ,4900,0
5, 간다아              ,자식한테 손벌릴수없다 돈도벌고 운동도 한다 마약이다..울컥한다진짜,444,0
6, 원재욱              ,7:16 자식들 지금까지 키워주셨는데 자식들한테 손벌리기 싫다니...마음이 아프다,4600,0
7, 김성태              ,아니 헬스장 홍보목적으로 돌리는데 ㅋㅋㅋ 잠깐 놀러온 외국인들한테 나눠주네 ㅋㅋㅋㅋ,981,0
8, 아임지니              ,어르신이 주시는 전단지는 받아야겠으며 시원한 음료 한잔이라도 드려야겠다ㅠㅠ마지막 쿠키영상에서 하신 말씀이 가슴 아프네요 ㅠㅠ,826,0
9, 김정환              ,06:00 이부분이 제일 웃곀 ㅋㅋㅋㅋ제 이름이...? 제 이름이....? 성은 뭐죠...? 진선규!,2000,0
10, VIDEO K              ,"성규형 택배알바한번해줘... 택배갑질 개쩔잖아 형이 다발라줘 ㅠㅠ 택배알바의 힘듬을 많은사람들이 알고 택배알바하시는 분들의 처우도 개선이되었으면 좋겠어 ... 불의가있는곳에 워크맨이있다!!!!워크맨가즈아,~~",741,0
11, 신승호              ,슬프다.. 마지막 어머님 대사.. 자식한테 손벌릴수없대.. 엄마 벌리셔두되요... 열심히 돈 벌께..,576,0
12, progamers hybrid              ,"what should i do,i'm already addicted with this 워크맨-Workman.",5,0
13, 권혁준              ,아오 진짜 이 체널 끊을 수가 없닼ㅋㅋㅋㅋㅋㅋㅋㅋㅋㅋㅋ 미친 편집에 과하지도 않고 적당한 텐션의 장성규와 미친 드립 ㅋㅋㅋㅋㅋㅋㅋㅋㅋㅋㅋㅋㅋㅋㅋㅋㅋㅋㅋㅋㅋㅋㅋ,551,0
14, C ris              ,더우신대도 할머님들 알바전단지 열심히 돌리시는모습보고 감동입니다 힘내세요!!,584,0
15, 파카알파카              ,솔직히 전단지알바는 어머님들 쓰는 게 가장 좋음개같은 급딱 새기들이 전단지 돌리기 싫으니까 아파트 우편반송함에 전단지 다 처넣고가근데 내가 110호여서 우편함이 반송함 옆이라 내꺼에도 처넣고가는 놈들 있더라,85,0
16, [지니어스]쿠앙 뺀슬              ,할머니분둘이 전단디알바 하는거 보니까 마음이 아푸다무ㅜㅜ,593,0
17, you ooo              ,아닠ㅋㅋㅋㅋㅋㅋㅋㅋㅋㅋ애초에 이 컨텐츠 볼때마다 편집도 편집인데 장성규가 웬만한 개그맨들보다 웃곀ㅋㅋㅋㅋㅋㅋㅋㅋㅋㅋㅋㅋㅋㅋㅋㅋㅋㅋ순발력 드립 오졐ㅋㅋㅋㅋ,6200,0
18, doit just              ,나만 이자카야->이작가 웃김? ㅋㅋㅋㅋㅋㅋㅋㅋㅋㅋㅋㅋ 이작가 런치입니다~,432,0
19, 정병선              ,성규형 진짜 드립이 너무 좋아요기분나쁘지않을만큼의 깐족과 깔끔한 드립채널분리부터 우리 성규형 인생활짝 시작하자!,581,0
0, 워크맨-Workman              ,"🐜🐜워크맨 인력소🐜🐜워크맨의 리뷰를 원하는 job것이 있다면↓댓글 추천↓✔청소.인력.식당.요리.철거.공장.물류✔그 외 모든 job것들✔200% 부려먹기 가능 ❌장난사절❌세상의 모든 job것들을 [워크맨]이 직접 리뷰해드립니다!",1900,0
1, HS Kim              ,여직원 왜? 일 잘하는 거 같은데... 예의없는것도 아니고 워터파크는 삐끗하면 사고날수 있는 곳 아닌가 까불대다 실수하는 것보다야 낫지 일도 굉장히 능숙하고??? 모든 사람이 드립을 받아줘야 할 의무는 없어요.,13000,0
2, 김준              ,워터파크 크기와 수준에 비해 청소용품 관련이 너무 열악한거 같다. 놀램. 저 정도의 큰 장소와 손님 수이면 전문 청소용품 쓸 줄 알았는데 일하시는 분들 너무 힘드시겠다.,7400,0
3, Gray oasis              ,아니ㅋㅋㅋㅋㅋㅋㅋㅋㅋㅋㅋㅋㅋㅋㅋㅋㅋㅋㅋㅋㅋㅋㅋㅋㅋㅋㅋㅋㅋㅋㅋㅋㅋㅋㅋㅋㅋㅋㅋㅋㅋㅋ군대 물어보는데 왜 대학 얘기를 하눜ㅋㅌㅋㅋㅋㅋㅋㅋㅋㅋㅋㅋㅋㅋㅋㅋㅋㅋㅋㅋㅋㅋㅋㅋㅋㅋㅋㅋㅋㅋㅋㅋㅋㅋㅋㅋㅋㅋㅋㅋㅋㅋㅋㅋㅋㅋㅋㅋㅋ,11000,0
4, 행복사랑부자              ,미끄럼틀 닦는데 그 큰 면적을 저 작은 수건으로 닦는다고....?청소도구를 바꾸던지 너무 비효율적이고 안닦일듯,3600,0
5, 후쿠티비 쇼핑몰놈들              ,담당 선배여자분 워크맨 시리즈중 프로페셔널한편에 속하는거 같은데....,4000,0
6, 브이V              ,차라리 걸레로 닦지말고 원통모양에 맞는 걸레를 제작해서ㅈ 튜브뒤에 매달고 내려가는게 나을듯,3100,0
7, 귭만찢              ,선배가 예민할 수밖에 없는 게... 안전상 이유로도 그렇고 예민할 수밖에 옶음...,4300,0
8, Dino              ,슬라이드 걸레로 손으로 닦는거 완전 오바다저 모양에 맞는 걸레 하나 제작안하냐 ㅡ.ㅡ,1200,0
9, 이미터용TV [김진용]              ,선넘는 드립 칠 때마다 휙 넘어가버리는거 너무 웃기잖앜ㅋㅋㅋㅋㅋㅋㅋㅋㅋㅋㅋ,5000,0
10, Simon Seungwon Choi              ,워터슬라이드타면서 먼지잇는지 보고 컴플레인.거는.사람들은 정말...대단하다  한국컴플레인계를 이끄시는분들,1000,0
11, Amber Rodriguez              ,“Hold my speedo” HAHAH WHO MAKES THIS EDITS,2,0
12, 이정식              ,01:16 희미의 취미할때 표정보소 ㅋㅋㅋ,3800,0
13, Ebony Kim              ,왜.... 선배 웃기고 좋은데....... 꼭 다 웃으면서 항상 친절해야되는건 아니잖아ㅋㅋㅋ,2200,0
14, 김준              ,해병대 나오셨어요? 저는 그냥 4년제..ㅋㅋㅋㅋ😁,5400,0
15, 퐁에              ,여직원분 매니저님인데...관리자중에 2번째로 높으신분임...,545,0
16, sh god              ,5:00 와 카메라 스태프 프로다 프로 ㅋㅋㅋㅋ 흔들림없이 내려오네 ㅋㅋ,1700,0
17, Amber Rodriguez              ,When he finds out there’s an employee elevator LMAAOOOOOOO,1,0
18, rin cha              ,워터파크 스키장 같은데서 일하시는분들은 보통 체대출신도 많고 운동하신분들이 많습니다 안전때문에도 더더욱 엄격하고 규율이 엄격하죠 저는 충분히 이해가 갑니다,626,0
19, 빠나나나나빠나나나빠나나나나빠나나나나나              ,여자분 너무 멋있다 13년차 ㄷㄷ,542,0
